customer_id,recency_days,frequency,monetary_value,R_score,F_score,M_score,RFM_Score,Segment
2001.0,92,2,203.92000000000002,4,1,1,6,At Risk
2004.0,72,2,1198.56,4,1,4,9,Potential
2005.0,149,4,959.5999999999999,3,4,4,11,Loyal
2006.0,478,1,327.06,1,1,1,3,Lost
2007.0,30,1,318.63,5,1,1,7,Potential
2008.0,77,5,1294.32,4,4,4,12,Loyal
2009.0,225,3,2255.21,2,3,5,10,Loyal
2012.0,305,3,841.5,2,3,3,8,Potential
2013.0,146,2,364.20000000000005,3,1,2,6,At Risk
2014.0,431,5,1066.15,1,4,4,9,Potential
2015.0,14,2,345.24,5,1,1,7,Potential
2016.0,589,1,664.26,1,1,3,5,At Risk
2017.0,387,4,904.65,1,4,3,8,Potential
2018.0,223,3,1281.17,2,3,4,9,Potential
2019.0,248,5,1653.15,2,4,5,11,Loyal
2020.0,98,3,923.9,4,3,3,10,Loyal
2022.0,195,5,814.1700000000001,3,4,3,10,Loyal
2023.0,399,1,583.71,1,1,2,4,At Risk
2024.0,33,2,345.93,5,1,1,7,Potential
2025.0,71,6,1804.79,4,5,5,14,VIP Champions
2026.0,84,7,1933.66,4,5,5,14,VIP Champions
2027.0,66,4,1357.05,4,4,4,12,Loyal
2028.0,108,3,496.83000000000004,4,3,2,9,Potential
2029.0,279,3,1888.0600000000002,2,3,5,10,Loyal
2030.0,161,2,2391.13,3,1,5,9,Potential
2031.0,116,6,2052.0499999999997,4,5,5,14,VIP Champions
2032.0,118,1,215.58,4,1,1,6,At Risk
2033.0,141,3,950.18,3,3,3,9,Potential
2034.0,105,5,1431.18,4,4,5,13,VIP Champions
2035.0,242,3,1481.19,2,3,5,10,Loyal
2036.0,111,2,571.48,4,1,2,7,Potential
2037.0,61,3,893.3000000000001,5,3,3,11,Loyal
2038.0,294,1,1484.2,2,1,5,8,Potential
2040.0,135,3,453.53999999999996,3,3,2,8,Potential
2041.0,726,2,1275.25,1,1,4,6,At Risk
2042.0,153,2,147.0,3,1,1,5,At Risk
2044.0,108,3,419.37,4,3,2,9,Potential
2046.0,99,7,1422.57,4,5,4,13,VIP Champions
2047.0,313,1,196.91,2,1,1,4,At Risk
2048.0,115,2,264.74,4,1,1,6,At Risk
2049.0,118,4,1364.73,4,4,4,12,Loyal
2050.0,118,3,591.24,4,3,2,9,Potential
2051.0,48,3,956.89,5,3,4,12,Loyal
2052.0,144,3,1073.25,3,3,4,10,Loyal
2053.0,320,4,1198.6200000000001,2,4,4,10,Loyal
2054.0,278,4,913.91,2,4,3,9,Potential
2055.0,93,2,494.63,4,1,2,7,Potential
2056.0,30,3,226.03,5,3,1,9,Potential
2058.0,12,1,312.26,5,1,1,7,Potential
2059.0,82,4,1044.97,4,4,4,12,Loyal
2061.0,682,1,57.08,1,1,1,3,Lost
2062.0,72,2,387.70000000000005,4,1,2,7,Potential
2063.0,333,1,81.48,1,1,1,3,Lost
2064.0,193,4,900.95,3,4,3,10,Loyal
2065.0,221,1,45.21,2,1,1,4,At Risk
2066.0,242,2,351.95000000000005,2,1,2,5,At Risk
2067.0,116,3,709.47,4,3,3,10,Loyal
2068.0,81,4,783.78,4,4,3,11,Loyal
2069.0,24,4,1310.02,5,4,4,13,VIP Champions
2070.0,28,5,1741.54,5,4,5,14,VIP Champions
2071.0,290,5,493.20000000000005,2,4,2,8,Potential
2072.0,18,2,541.34,5,1,2,8,Potential
2073.0,402,2,2233.7000000000003,1,1,5,7,Potential
2074.0,527,3,1231.97,1,3,4,8,Potential
2075.0,70,3,581.54,4,3,2,9,Potential
2076.0,402,1,351.62,1,1,2,4,At Risk
2077.0,60,4,1632.05,5,4,5,14,VIP Champions
2078.0,540,3,659.35,1,3,3,7,Potential
2079.0,161,2,187.20999999999998,3,1,1,5,At Risk
2080.0,199,3,1063.2,3,3,4,10,Loyal
2081.0,335,3,792.99,1,3,3,7,Potential
2082.0,152,2,520.61,3,1,2,6,At Risk
2083.0,2,2,605.69,5,1,2,8,Potential
2084.0,170,2,527.21,3,1,2,6,At Risk
2085.0,66,4,606.26,4,4,2,10,Loyal
2087.0,209,3,936.1800000000001,2,3,3,8,Potential
2088.0,172,1,439.66,3,1,2,6,At Risk
2090.0,190,3,935.06,3,3,3,9,Potential
2091.0,207,2,1216.95,2,1,4,7,Potential
2092.0,316,1,405.04,2,1,2,5,At Risk
2093.0,433,4,1511.21,1,4,5,10,Loyal
2095.0,390,5,1055.76,1,4,4,9,Potential
2096.0,287,4,1000.87,2,4,4,10,Loyal
2097.0,124,5,715.54,3,4,3,10,Loyal
2098.0,192,1,225.36,3,1,1,5,At Risk
2099.0,107,5,1199.12,4,4,4,12,Loyal
2100.0,323,1,80.39,2,1,1,4,At Risk
2103.0,187,2,312.33000000000004,3,1,1,5,At Risk
2104.0,183,4,1285.72,3,4,4,11,Loyal
2106.0,27,3,692.29,5,3,3,11,Loyal
2107.0,189,3,997.6400000000001,3,3,4,10,Loyal
2108.0,113,6,2169.41,4,5,5,14,VIP Champions
2109.0,241,1,121.51,2,1,1,4,At Risk
2110.0,414,4,405.04,1,4,2,7,Potential
2111.0,126,3,1918.08,3,3,5,11,Loyal
2112.0,137,3,820.4200000000001,3,3,3,9,Potential
2113.0,286,2,189.08,2,1,1,4,At Risk
2114.0,332,3,1037.37,1,3,4,8,Potential
2115.0,14,6,1635.44,5,5,5,15,VIP Champions
2117.0,161,4,2215.73,3,4,5,12,Loyal
2118.0,103,3,611.11,4,3,2,9,Potential
2119.0,52,6,1243.09,5,5,4,14,VIP Champions
2120.0,269,3,805.1300000000001,2,3,3,8,Potential
2121.0,238,2,302.84000000000003,2,1,1,4,At Risk
2122.0,753,1,16.62,1,1,1,3,Lost
2123.0,4,3,983.6700000000001,5,3,4,12,Loyal
2124.0,235,2,363.28000000000003,2,1,2,5,At Risk
2126.0,61,2,263.86,5,1,1,7,Potential
2127.0,382,1,334.46,1,1,1,3,Lost
2128.0,476,3,800.3199999999999,1,3,3,7,Potential
2129.0,445,2,197.7,1,1,1,3,Lost
2130.0,217,3,941.0699999999999,2,3,3,8,Potential
2132.0,178,6,1806.17,3,5,5,13,VIP Champions
2133.0,11,2,350.75,5,1,2,8,Potential
2136.0,523,2,1102.95,1,1,4,6,At Risk
2137.0,233,3,674.3,2,3,3,8,Potential
2139.0,298,2,284.13,2,1,1,4,At Risk
2140.0,107,1,451.62,4,1,2,7,Potential
2141.0,168,3,678.09,3,3,3,9,Potential
2142.0,126,4,572.59,3,4,2,9,Potential
2143.0,221,7,1863.9699999999998,2,5,5,12,Loyal
2144.0,73,1,210.76,4,1,1,6,At Risk
2147.0,76,1,558.86,4,1,2,7,Potential
2148.0,108,1,411.78,4,1,2,7,Potential
2149.0,246,2,543.76,2,2,2,6,At Risk
2150.0,12,1,229.55,5,1,1,7,Potential
2151.0,59,1,446.95,5,1,2,8,Potential
2153.0,300,2,397.71,2,2,2,6,At Risk
2154.0,11,66,20726.79,5,5,5,15,VIP Champions
2156.0,76,5,1149.93,4,5,4,13,VIP Champions
2157.0,24,2,1131.46,5,2,4,11,Loyal
2158.0,146,2,1207.22,3,2,4,9,Potential
2159.0,377,2,1070.58,1,2,4,7,Potential
2160.0,393,2,598.4300000000001,1,2,2,5,At Risk
2162.0,166,2,451.82,3,2,2,7,Potential
2163.0,9,5,2542.08,5,5,5,15,VIP Champions
2164.0,387,1,205.0,1,1,1,3,Lost
2165.0,130,3,902.9,3,3,3,9,Potential
2166.0,99,1,232.61,4,1,1,6,At Risk
2167.0,142,5,2032.9099999999999,3,5,5,13,VIP Champions
2168.0,670,3,881.22,1,3,3,7,Potential
2169.0,201,1,53.01,3,1,1,5,At Risk
2170.0,24,1,327.28,5,1,1,7,Potential
2172.0,402,2,746.53,1,2,3,6,At Risk
2174.0,216,3,2285.2200000000003,2,3,5,10,Loyal
2175.0,124,6,1342.4,3,5,4,12,Loyal
2176.0,166,3,777.0,3,3,3,9,Potential
2177.0,461,1,141.05,1,1,1,3,Lost
2178.0,62,4,1435.76,4,4,5,13,VIP Champions
2179.0,143,4,1374.26,3,4,4,11,Loyal
2180.0,689,2,1451.98,1,2,5,8,Potential
2182.0,69,1,26.79,4,1,1,6,At Risk
2183.0,261,7,2139.4700000000003,2,5,5,12,Loyal
2184.0,465,2,553.85,1,2,2,5,At Risk
2186.0,342,2,240.06,1,2,1,4,At Risk
2187.0,82,5,1175.46,4,5,4,13,VIP Champions
2189.0,573,1,110.7,1,1,1,3,Lost
2190.0,39,2,942.11,5,2,3,10,Loyal
2191.0,198,4,924.33,3,4,3,10,Loyal
2192.0,68,8,2695.53,4,5,5,14,VIP Champions
2193.0,86,3,1066.29,4,3,4,11,Loyal
2195.0,14,3,523.79,5,3,2,10,Loyal
2196.0,2,10,4059.96,5,5,5,15,VIP Champions
2197.0,77,4,2231.4,4,4,5,13,VIP Champions
2198.0,38,1,458.02,5,1,2,8,Potential
2199.0,95,1,347.16,4,1,2,7,Potential
2200.0,223,5,1998.45,2,5,5,12,Loyal
2201.0,258,2,172.52,2,2,1,5,At Risk
2202.0,238,3,1708.3400000000001,2,3,5,10,Loyal
2203.0,158,3,925.97,3,3,3,9,Potential
2204.0,5,1,166.27,5,1,1,7,Potential
2205.0,337,3,1127.92,1,3,4,8,Potential
2206.0,202,5,628.34,3,5,2,10,Loyal
2207.0,46,3,939.4599999999999,5,3,3,11,Loyal
2208.0,108,6,2265.19,4,5,5,14,VIP Champions
2209.0,202,3,995.6400000000001,3,3,4,10,Loyal
2210.0,93,2,723.3299999999999,4,2,3,9,Potential
2211.0,293,3,760.31,2,3,3,8,Potential
2212.0,571,3,918.91,1,3,3,7,Potential
2213.0,165,3,1046.18,3,3,4,10,Loyal
2214.0,706,1,574.44,1,1,2,4,At Risk
2215.0,33,6,1537.23,5,5,5,15,VIP Champions
2216.0,350,2,341.6,1,2,1,4,At Risk
2217.0,206,5,1171.04,2,5,4,11,Loyal
2218.0,69,4,1374.1,4,4,4,12,Loyal
2219.0,144,1,181.11,3,1,1,5,At Risk
2220.0,92,3,722.73,4,3,3,10,Loyal
2221.0,6,64,21313.81,5,5,5,15,VIP Champions
2222.0,79,6,1309.96,4,5,4,13,VIP Champions
2223.0,585,3,784.34,1,3,3,7,Potential
2225.0,28,5,1044.45,5,5,4,14,VIP Champions
2226.0,182,4,702.0,3,4,3,10,Loyal
2227.0,100,4,1040.72,4,4,4,12,Loyal
2228.0,117,4,737.26,4,4,3,11,Loyal
2229.0,45,1,592.8,5,1,2,8,Potential
2230.0,496,4,814.97,1,4,3,8,Potential
2231.0,158,3,1071.04,3,3,4,10,Loyal
2232.0,490,1,166.27,1,1,1,3,Lost
2233.0,87,1,989.97,4,1,4,9,Potential
2235.0,82,4,988.37,4,4,4,12,Loyal
2236.0,192,2,235.49,3,2,1,6,At Risk
2238.0,61,2,447.65999999999997,5,2,2,9,Potential
2239.0,102,1,184.07,4,1,1,6,At Risk
2240.0,23,6,1603.35,5,5,5,15,VIP Champions
2241.0,259,3,612.84,2,3,2,7,Potential
2242.0,25,5,1695.49,5,5,5,15,VIP Champions
2243.0,237,3,1078.13,2,3,4,9,Potential
2244.0,31,4,852.81,5,4,3,12,Loyal
2245.0,103,5,1724.15,4,5,5,14,VIP Champions
2246.0,39,2,126.08000000000001,5,2,1,8,Potential
2247.0,192,3,1006.4100000000001,3,3,4,10,Loyal
2248.0,560,3,1829.2,1,3,5,9,Potential
2249.0,74,2,582.76,4,2,2,8,Potential
2250.0,332,2,269.53999999999996,1,2,1,4,At Risk
2251.0,220,3,718.16,2,3,3,8,Potential
2252.0,61,4,1381.27,5,4,4,13,VIP Champions
2253.0,454,1,307.24,1,1,1,3,Lost
2254.0,499,1,848.85,1,1,3,5,At Risk
2255.0,93,3,577.66,4,3,2,9,Potential
2256.0,170,5,2433.85,3,5,5,13,VIP Champions
2257.0,91,7,2165.37,4,5,5,14,VIP Champions
2258.0,117,1,15.09,4,1,1,6,At Risk
2259.0,293,3,646.35,2,3,3,8,Potential
2260.0,112,2,317.53000000000003,4,2,1,7,Potential
2261.0,40,3,887.48,5,3,3,11,Loyal
2262.0,746,1,304.14,1,1,1,3,Lost
2264.0,64,5,528.28,4,5,2,11,Loyal
2265.0,388,4,1683.88,1,4,5,10,Loyal
2266.0,221,2,371.47,2,2,2,6,At Risk
2267.0,185,3,1240.48,3,3,4,10,Loyal
2269.0,24,2,381.59999999999997,5,2,2,9,Potential
2270.0,80,7,2488.45,4,5,5,14,VIP Champions
2271.0,9,1,231.13,5,1,1,7,Potential
2272.0,22,7,1574.51,5,5,5,15,VIP Champions
2273.0,590,1,541.98,1,1,2,4,At Risk
2274.0,143,3,417.47,3,3,2,8,Potential
2275.0,66,3,858.98,4,3,3,10,Loyal
2276.0,347,2,693.0,1,2,3,6,At Risk
2277.0,321,3,1016.62,2,3,4,9,Potential
2279.0,10,5,2683.8599999999997,5,5,5,15,VIP Champions
2281.0,95,5,1148.76,4,5,4,13,VIP Champions
2282.0,79,3,732.34,4,3,3,10,Loyal
2284.0,636,1,210.36,1,1,1,3,Lost
2285.0,45,5,2925.69,5,5,5,15,VIP Champions
2286.0,68,1,727.29,4,1,3,8,Potential
2287.0,255,3,177.58,2,3,1,6,At Risk
2288.0,45,2,2015.75,5,2,5,12,Loyal
2289.0,224,2,562.2,2,2,2,6,At Risk
2290.0,53,4,536.4,5,4,2,11,Loyal
2291.0,318,2,986.24,2,2,4,8,Potential
2292.0,95,1,86.14,4,1,1,6,At Risk
2293.0,263,1,417.66,2,1,2,5,At Risk
2294.0,146,3,1158.1299999999999,3,3,4,10,Loyal
2295.0,228,3,889.21,2,3,3,8,Potential
2296.0,27,3,1432.91,5,3,5,13,VIP Champions
2297.0,80,3,556.09,4,3,2,9,Potential
2298.0,92,4,636.19,4,4,3,11,Loyal
2299.0,340,5,2115.43,1,5,5,11,Loyal
2300.0,107,3,689.77,4,3,3,10,Loyal
2301.0,37,3,657.58,5,3,3,11,Loyal
2302.0,61,5,2127.16,5,5,5,15,VIP Champions
2303.0,88,3,1795.17,4,3,5,12,Loyal
2304.0,87,4,1160.54,4,4,4,12,Loyal
2305.0,454,2,724.08,1,2,3,6,At Risk
2306.0,401,2,574.12,1,2,2,5,At Risk
2307.0,183,2,616.51,3,2,2,7,Potential
2308.0,471,1,269.85,1,1,1,3,Lost
2309.0,564,1,67.75,1,1,1,3,Lost
2310.0,499,1,153.11,1,1,1,3,Lost
2311.0,408,3,741.72,1,3,3,7,Potential
2312.0,203,4,997.5799999999999,3,4,4,11,Loyal
2313.0,38,1,1129.05,5,1,4,10,Loyal
2315.0,66,2,229.17000000000002,4,2,1,7,Potential
2317.0,342,5,2142.56,1,5,5,11,Loyal
2318.0,29,11,3148.8,5,5,5,15,VIP Champions
2319.0,282,1,201.14,2,1,1,4,At Risk
2323.0,6,1,385.32,5,1,2,8,Potential
2324.0,167,3,949.1399999999999,3,3,3,9,Potential
2326.0,71,3,951.23,4,3,3,10,Loyal
2327.0,288,4,2282.28,2,4,5,11,Loyal
2328.0,27,2,420.52,5,2,2,9,Potential
2329.0,2,1,198.29,5,1,1,7,Potential
2330.0,144,5,1426.6,3,5,5,13,VIP Champions
2331.0,10,6,1215.71,5,5,4,14,VIP Champions
2332.0,64,3,1278.22,4,3,4,11,Loyal
2333.0,21,2,1732.25,5,2,5,12,Loyal
2334.0,8,1,318.5,5,1,1,7,Potential
2335.0,83,5,1602.8700000000001,4,5,5,14,VIP Champions
2336.0,110,2,861.12,4,2,3,9,Potential
2337.0,142,5,1569.08,3,5,5,13,VIP Champions
2338.0,481,2,368.82,1,2,2,5,At Risk
2339.0,513,2,661.17,1,2,3,6,At Risk
2341.0,154,1,94.76,3,1,1,5,At Risk
2342.0,251,3,880.46,2,3,3,8,Potential
2343.0,68,7,3118.4500000000003,4,5,5,14,VIP Champions
2344.0,565,3,620.4300000000001,1,3,2,6,At Risk
2346.0,116,4,754.0,4,4,3,11,Loyal
2347.0,115,4,610.02,4,4,2,10,Loyal
2348.0,10,3,1432.38,5,3,5,13,VIP Champions
2349.0,11,5,1932.51,5,5,5,15,VIP Champions
2350.0,173,3,532.15,3,3,2,8,Potential
2351.0,4,4,1632.3,5,4,5,14,VIP Champions
2353.0,249,4,697.72,2,4,3,9,Potential
2354.0,94,1,328.86,4,1,1,6,At Risk
2355.0,266,4,1556.09,2,4,5,11,Loyal
2356.0,334,2,1273.31,1,2,4,7,Potential
2357.0,339,2,330.24,1,2,1,4,At Risk
2358.0,145,1,154.71,3,1,1,5,At Risk
2359.0,229,3,776.53,2,3,3,8,Potential
2360.0,222,3,720.85,2,3,3,8,Potential
2362.0,199,2,478.46999999999997,3,2,2,7,Potential
2363.0,44,5,1857.31,5,5,5,15,VIP Champions
2365.0,136,3,733.0899999999999,3,3,3,9,Potential
2366.0,20,4,422.29999999999995,5,4,2,11,Loyal
2367.0,549,1,520.86,1,1,2,4,At Risk
2368.0,214,3,1070.57,2,3,4,9,Potential
2369.0,148,3,756.3,3,3,3,9,Potential
2370.0,314,3,742.4100000000001,2,3,3,8,Potential
2371.0,30,4,1542.46,5,4,5,14,VIP Champions
2372.0,767,1,421.52,1,1,2,4,At Risk
2373.0,212,4,904.22,2,4,3,9,Potential
2374.0,25,2,249.3,5,2,1,8,Potential
2375.0,192,3,883.77,3,3,3,9,Potential
2377.0,559,3,568.51,1,3,2,6,At Risk
2378.0,25,2,397.3,5,2,2,9,Potential
2379.0,241,3,1171.6399999999999,2,3,4,9,Potential
2380.0,91,6,1516.83,4,5,5,14,VIP Champions
2381.0,231,3,1391.22,2,3,4,9,Potential
2382.0,76,3,740.83,4,3,3,10,Loyal
2383.0,4,1,310.9,5,1,1,7,Potential
2386.0,321,3,515.5899999999999,2,3,2,7,Potential
2387.0,75,3,1422.89,4,3,4,11,Loyal
2388.0,224,2,1098.67,2,2,4,8,Potential
2389.0,131,2,361.25,3,2,2,7,Potential
2390.0,94,5,1336.33,4,5,4,13,VIP Champions
2392.0,369,2,475.53999999999996,1,2,2,5,At Risk
2393.0,183,1,437.68,3,1,2,6,At Risk
2394.0,9,4,1319.6699999999998,5,4,4,13,VIP Champions
2395.0,662,1,72.6,1,1,1,3,Lost
2396.0,24,6,1899.01,5,5,5,15,VIP Champions
2397.0,232,4,2847.6800000000003,2,4,5,11,Loyal
2398.0,173,1,459.76,3,1,2,6,At Risk
2399.0,348,1,209.05,1,1,1,3,Lost
2400.0,723,2,1034.9099999999999,1,2,4,7,Potential
2401.0,67,2,731.37,4,2,3,9,Potential
2402.0,344,3,1121.33,1,3,4,8,Potential
2403.0,83,3,1021.44,4,3,4,11,Loyal
2404.0,60,4,912.02,5,4,3,12,Loyal
2405.0,533,3,408.0,1,3,2,6,At Risk
2406.0,127,1,482.26,3,1,2,6,At Risk
2407.0,156,3,834.55,3,3,3,9,Potential
2409.0,56,4,810.53,5,4,3,12,Loyal
2410.0,15,3,374.72,5,3,2,10,Loyal
2411.0,92,1,221.19,4,1,1,6,At Risk
2412.0,242,1,50.85,2,1,1,4,At Risk
2413.0,127,3,338.6,3,3,1,7,Potential
2414.0,24,2,405.96,5,2,2,9,Potential
2415.0,12,1,251.96,5,1,1,7,Potential
2416.0,369,3,407.07,1,3,2,6,At Risk
2417.0,159,3,626.9399999999999,3,3,2,8,Potential
2418.0,218,3,795.5400000000001,2,3,3,8,Potential
2419.0,367,2,177.6,1,2,1,4,At Risk
2420.0,144,4,1671.24,3,4,5,12,Loyal
2422.0,298,5,759.27,2,5,3,10,Loyal
2423.0,209,7,1475.29,2,5,5,12,Loyal
2424.0,152,3,900.62,3,3,3,9,Potential
2425.0,161,4,1834.12,3,4,5,12,Loyal
2427.0,297,3,940.88,2,3,3,8,Potential
2428.0,85,1,405.14,4,1,2,7,Potential
2429.0,102,4,850.8299999999999,4,4,3,11,Loyal
2430.0,191,2,590.73,3,2,2,7,Potential
2431.0,200,3,845.0799999999999,3,3,3,9,Potential
2432.0,36,3,797.23,5,3,3,11,Loyal
2433.0,340,2,261.84000000000003,1,2,1,4,At Risk
2434.0,21,4,849.14,5,4,3,12,Loyal
2435.0,77,5,755.3499999999999,4,5,3,12,Loyal
2436.0,194,3,1025.57,3,3,4,10,Loyal
2439.0,7,4,540.62,5,4,2,11,Loyal
2440.0,484,3,645.47,1,3,3,7,Potential
2441.0,340,3,1634.1200000000001,1,3,5,9,Potential
2442.0,42,2,1423.93,5,2,4,11,Loyal
2443.0,132,3,1437.3000000000002,3,3,5,11,Loyal
2445.0,88,1,307.27,4,1,1,6,At Risk
2446.0,586,1,54.95,1,1,1,3,Lost
2448.0,553,1,542.7,1,1,2,4,At Risk
2449.0,356,2,725.58,1,2,3,6,At Risk
2450.0,174,2,1057.95,3,2,4,9,Potential
2451.0,15,2,1317.1799999999998,5,2,4,11,Loyal
2454.0,244,2,385.65,2,2,2,6,At Risk
2456.0,50,5,2096.27,5,5,5,15,VIP Champions
2457.0,240,6,1147.49,2,5,4,11,Loyal
2458.0,168,3,464.15999999999997,3,3,2,8,Potential
2459.0,56,1,53.24,5,1,1,7,Potential
2460.0,62,3,530.46,4,3,2,9,Potential
2461.0,312,3,1217.47,2,3,4,9,Potential
2462.0,502,3,642.23,1,3,3,7,Potential
2463.0,206,5,1580.6100000000001,2,5,5,12,Loyal
2464.0,60,3,626.3,5,3,2,10,Loyal
2466.0,330,1,104.08,1,1,1,3,Lost
2468.0,161,1,53.01,3,1,1,5,At Risk
2469.0,184,6,2130.7400000000002,3,5,5,13,VIP Champions
2471.0,151,2,806.5,3,2,3,8,Potential
2472.0,68,3,650.55,4,3,3,10,Loyal
2474.0,71,3,485.98,4,3,2,9,Potential
2475.0,238,4,1341.42,2,4,4,10,Loyal
2476.0,476,1,62.56,1,1,1,3,Lost
2477.0,200,1,654.14,3,1,3,7,Potential
2479.0,185,4,489.48,3,4,2,9,Potential
2481.0,219,4,1256.58,2,4,4,10,Loyal
2482.0,156,2,541.07,3,2,2,7,Potential
2483.0,185,2,553.04,3,2,2,7,Potential
2484.0,129,4,1662.94,3,4,5,12,Loyal
2485.0,75,5,955.93,4,5,3,12,Loyal
2486.0,9,6,1594.74,5,5,5,15,VIP Champions
2487.0,16,5,1205.61,5,5,4,14,VIP Champions
2488.0,186,1,723.39,3,1,3,7,Potential
2489.0,220,2,222.07,2,2,1,5,At Risk
2490.0,147,3,1880.98,3,3,5,11,Loyal
2491.0,131,3,511.55,3,3,2,8,Potential
2492.0,152,2,632.6700000000001,3,2,3,8,Potential
2493.0,388,2,720.3,1,2,3,6,At Risk
2494.0,133,5,1107.18,3,5,4,12,Loyal
2495.0,7,25,5684.81,5,5,5,15,VIP Champions
2496.0,529,1,269.85,1,1,1,3,Lost
2497.0,239,1,124.35,2,1,1,4,At Risk
2498.0,320,3,1587.8999999999999,2,3,5,10,Loyal
2500.0,200,5,2226.05,3,5,5,13,VIP Champions
2501.0,15,1,581.1,5,1,2,8,Potential
2503.0,487,4,2000.92,1,4,5,10,Loyal
2504.0,441,5,796.61,1,5,3,9,Potential
2505.0,64,1,29.48,4,1,1,6,At Risk
2506.0,164,1,134.58,3,1,1,5,At Risk
2509.0,68,3,1179.84,4,3,4,11,Loyal
2510.0,193,4,308.45,3,4,1,8,Potential
2511.0,158,4,801.99,3,4,3,10,Loyal
2513.0,65,6,1513.26,4,5,5,14,VIP Champions
2514.0,10,3,1122.08,5,3,4,12,Loyal
2515.0,69,3,899.3299999999999,4,3,3,10,Loyal
2516.0,208,1,254.76,2,1,1,4,At Risk
2517.0,38,2,164.07,5,2,1,8,Potential
2518.0,622,3,297.8,1,3,1,5,At Risk
2519.0,103,4,1300.29,4,4,4,12,Loyal
2520.0,458,1,81.48,1,1,1,3,Lost
2521.0,56,2,316.69,5,2,1,8,Potential
2522.0,32,3,1264.56,5,3,4,12,Loyal
2523.0,88,1,234.1,4,1,1,6,At Risk
2524.0,268,4,868.85,2,4,3,9,Potential
2526.0,224,2,857.97,2,2,3,7,Potential
2528.0,318,1,136.3,2,1,1,4,At Risk
2529.0,162,3,996.3699999999999,3,3,4,10,Loyal
2530.0,125,5,1473.03,3,5,5,13,VIP Champions
2533.0,409,4,923.7900000000001,1,4,3,8,Potential
2534.0,266,4,850.0,2,4,3,9,Potential
2535.0,96,5,741.12,4,5,3,12,Loyal
2536.0,90,4,1202.21,4,4,4,12,Loyal
2537.0,247,2,683.55,2,2,3,7,Potential
2538.0,9,4,1888.48,5,4,5,14,VIP Champions
2539.0,77,3,1034.97,4,3,4,11,Loyal
2540.0,431,1,347.84,1,1,2,4,At Risk
2542.0,190,3,1523.18,3,3,5,11,Loyal
2543.0,439,2,458.26000000000005,1,2,2,5,At Risk
2544.0,10,2,635.51,5,2,3,10,Loyal
2545.0,36,2,670.14,5,2,3,10,Loyal
2546.0,585,4,1717.25,1,4,5,10,Loyal
2547.0,636,2,471.65000000000003,1,2,2,5,At Risk
2548.0,300,4,722.23,2,4,3,9,Potential
2549.0,122,6,1295.54,4,5,4,13,VIP Champions
2551.0,66,4,1034.58,4,4,4,12,Loyal
2552.0,268,4,1359.9499999999998,2,4,4,10,Loyal
2553.0,212,2,1323.46,2,2,4,8,Potential
2554.0,266,3,683.99,2,3,3,8,Potential
2555.0,232,4,1801.08,2,4,5,11,Loyal
2556.0,110,4,861.49,4,4,3,11,Loyal
2557.0,196,2,273.21999999999997,3,2,1,6,At Risk
2558.0,176,11,2733.29,3,5,5,13,VIP Champions
2559.0,119,3,465.48,4,3,2,9,Potential
2561.0,105,5,794.34,4,5,3,12,Loyal
2563.0,77,4,772.9200000000001,4,4,3,11,Loyal
2564.0,33,6,994.52,5,5,4,14,VIP Champions
2565.0,31,1,35.94,5,1,1,7,Potential
2566.0,71,3,337.40999999999997,4,3,1,8,Potential
2567.0,133,3,1072.28,3,3,4,10,Loyal
2569.0,246,1,331.59,2,1,1,4,At Risk
2570.0,89,2,625.5,4,2,2,8,Potential
2572.0,57,4,1380.03,5,4,4,13,VIP Champions
2574.0,415,3,1315.6399999999999,1,3,4,8,Potential
2575.0,165,2,996.84,3,2,4,9,Potential
2576.0,200,1,301.97,3,1,1,5,At Risk
2577.0,68,5,1307.73,4,5,4,13,VIP Champions
2578.0,305,3,1054.88,2,3,4,9,Potential
2579.0,192,3,1197.24,3,3,4,10,Loyal
2580.0,68,4,706.78,4,4,3,11,Loyal
2581.0,167,2,504.93,3,2,2,7,Potential
2583.0,121,1,562.38,4,1,2,7,Potential
2585.0,424,3,649.45,1,3,3,7,Potential
2586.0,78,2,283.45000000000005,4,2,1,7,Potential
2588.0,145,3,871.94,3,3,3,9,Potential
2589.0,150,2,803.56,3,2,3,8,Potential
2590.0,220,1,564.58,2,1,2,5,At Risk
2591.0,197,2,385.15999999999997,3,2,2,7,Potential
2592.0,93,3,998.67,4,3,4,11,Loyal
2593.0,248,2,1220.1799999999998,2,2,4,8,Potential
2594.0,336,1,184.15,1,1,1,3,Lost
2596.0,490,3,690.89,1,3,3,7,Potential
2597.0,11,5,774.86,5,5,3,13,VIP Champions
2598.0,171,3,853.62,3,3,3,9,Potential
2599.0,739,1,583.44,1,1,2,4,At Risk
2600.0,305,1,221.89,2,1,1,4,At Risk
2601.0,446,1,282.95,1,1,1,3,Lost
2602.0,354,1,351.33,1,1,2,4,At Risk
2603.0,42,4,1133.42,5,4,4,13,VIP Champions
2608.0,584,2,920.6899999999999,1,2,3,6,At Risk
2609.0,179,7,1494.74,3,5,5,13,VIP Champions
2610.0,595,2,470.85,1,2,2,5,At Risk
2611.0,16,4,1048.93,5,4,4,13,VIP Champions
2612.0,52,4,390.59000000000003,5,4,2,11,Loyal
2613.0,486,4,1198.8000000000002,1,4,4,9,Potential
2614.0,532,2,332.77000000000004,1,2,1,4,At Risk
2615.0,161,2,744.8,3,2,3,8,Potential
2616.0,232,3,1493.9600000000003,2,3,5,10,Loyal
2617.0,78,4,1554.0300000000002,4,4,5,13,VIP Champions
2618.0,171,6,1351.18,3,5,4,12,Loyal
2619.0,70,6,2185.9,4,5,5,14,VIP Champions
2620.0,178,4,1303.41,3,4,4,11,Loyal
2622.0,348,4,937.55,1,4,3,8,Potential
2623.0,510,1,253.8,1,1,1,3,Lost
2624.0,158,1,155.2,3,1,1,5,At Risk
2625.0,546,1,67.75,1,1,1,3,Lost
2626.0,283,2,797.3800000000001,2,2,3,7,Potential
2627.0,187,6,1345.75,3,5,4,12,Loyal
2628.0,312,2,416.48,2,2,2,6,At Risk
2629.0,203,6,3990.98,3,5,5,13,VIP Champions
2630.0,283,2,406.52000000000004,2,2,2,6,At Risk
2631.0,190,6,1793.45,3,5,5,13,VIP Champions
2632.0,92,6,1805.58,4,5,5,14,VIP Champions
2633.0,63,1,123.64,4,1,1,6,At Risk
2634.0,202,2,625.5,3,2,2,7,Potential
2635.0,108,3,792.44,4,3,3,10,Loyal
2636.0,299,5,1675.4499999999998,2,5,5,12,Loyal
2638.0,70,6,740.53,4,5,3,12,Loyal
2639.0,31,4,1062.87,5,4,4,13,VIP Champions
2640.0,321,2,368.75,2,2,2,6,At Risk
2641.0,595,4,836.8199999999999,1,4,3,8,Potential
2642.0,340,4,1441.35,1,4,5,10,Loyal
2643.0,192,2,280.09,3,2,1,6,At Risk
2644.0,595,2,636.4699999999999,1,2,3,6,At Risk
2645.0,96,4,1007.98,4,4,4,12,Loyal
2646.0,120,1,828.6,4,1,3,8,Potential
2649.0,394,1,172.28,1,1,1,3,Lost
2650.0,214,1,147.8,2,1,1,4,At Risk
2652.0,162,6,2920.5299999999997,3,5,5,13,VIP Champions
2653.0,65,5,1821.35,4,5,5,14,VIP Champions
2654.0,102,2,306.39,4,2,1,7,Potential
2657.0,57,5,512.59,5,5,2,12,Loyal
2658.0,551,1,48.85,1,1,1,3,Lost
2659.0,288,4,1387.4099999999999,2,4,4,10,Loyal
2660.0,62,4,1074.93,4,4,4,12,Loyal
2661.0,68,1,107.67,4,1,1,6,At Risk
2662.0,122,2,555.01,4,2,2,8,Potential
2663.0,237,1,371.05,2,1,2,5,At Risk
2664.0,177,2,503.48,3,2,2,7,Potential
2665.0,477,1,41.79,1,1,1,3,Lost
2666.0,425,2,2123.64,1,2,5,8,Potential
2667.0,581,1,388.92,1,1,2,4,At Risk
2668.0,607,3,734.03,1,3,3,7,Potential
2670.0,365,1,158.94,1,1,1,3,Lost
2671.0,114,4,1214.71,4,4,4,12,Loyal
2672.0,131,8,2281.66,3,5,5,13,VIP Champions
2673.0,187,2,191.68,3,2,1,6,At Risk
2674.0,9,3,1044.1200000000001,5,3,4,12,Loyal
2675.0,118,2,534.09,4,2,2,8,Potential
2676.0,168,4,1040.8,3,4,4,11,Loyal
2677.0,784,1,139.74,1,1,1,3,Lost
2678.0,137,4,1479.59,3,4,5,12,Loyal
2681.0,347,2,756.64,1,2,3,6,At Risk
2682.0,365,3,382.18,1,3,2,6,At Risk
2683.0,182,3,951.3199999999999,3,3,3,9,Potential
2684.0,58,6,3287.9300000000003,5,5,5,15,VIP Champions
2685.0,96,1,51.58,4,1,1,6,At Risk
2686.0,189,3,861.4,3,3,3,9,Potential
2687.0,47,4,2554.02,5,4,5,14,VIP Champions
2689.0,381,3,741.8499999999999,1,3,3,7,Potential
2690.0,335,7,1927.3799999999999,1,5,5,11,Loyal
2691.0,205,3,1016.21,3,3,4,10,Loyal
2692.0,53,3,404.83000000000004,5,3,2,10,Loyal
2693.0,71,3,1674.44,4,3,5,12,Loyal
2695.0,320,1,154.71,2,1,1,4,At Risk
2696.0,3,5,2096.5,5,5,5,15,VIP Champions
2697.0,94,2,611.6,4,2,2,8,Potential
2700.0,131,2,565.53,3,2,2,7,Potential
2702.0,251,4,679.32,2,4,3,9,Potential
2704.0,320,3,1460.31,2,3,5,10,Loyal
2705.0,65,4,1871.32,4,4,5,13,VIP Champions
2706.0,192,4,1680.1100000000001,3,4,5,12,Loyal
2707.0,125,4,3477.2799999999997,3,4,5,12,Loyal
2708.0,86,5,1418.79,4,5,4,13,VIP Champions
2709.0,159,7,1724.31,3,5,5,13,VIP Champions
2710.0,55,1,164.3,5,1,1,7,Potential
2711.0,141,3,667.14,3,3,3,9,Potential
2712.0,47,7,2902.95,5,5,5,15,VIP Champions
2713.0,107,8,2510.45,4,5,5,14,VIP Champions
2714.0,370,3,999.29,1,3,4,8,Potential
2715.0,200,1,83.1,3,1,1,5,At Risk
2716.0,61,4,629.1300000000001,5,4,2,11,Loyal
2717.0,227,4,925.08,2,4,3,9,Potential
2719.0,18,2,441.27000000000004,5,2,2,9,Potential
2720.0,558,2,241.3,1,2,1,4,At Risk
2721.0,85,5,1676.13,4,5,5,14,VIP Champions
2722.0,118,2,351.6,4,2,2,8,Potential
2723.0,598,2,950.71,1,2,3,6,At Risk
2724.0,237,2,850.9100000000001,2,2,3,7,Potential
2725.0,329,3,577.87,1,3,2,6,At Risk
2726.0,62,3,462.85,4,3,2,9,Potential
2727.0,20,2,608.0,5,2,2,9,Potential
2728.0,419,2,1128.4,1,2,4,7,Potential
2729.0,36,2,915.75,5,2,3,10,Loyal
2730.0,305,4,952.61,2,4,3,9,Potential
2731.0,363,5,1504.33,1,5,5,11,Loyal
2732.0,300,4,1288.22,2,4,4,10,Loyal
2733.0,213,4,1288.79,2,4,4,10,Loyal
2734.0,109,3,1040.38,4,3,4,11,Loyal
2735.0,70,7,1697.56,4,5,5,14,VIP Champions
2737.0,222,1,642.84,2,1,3,6,At Risk
2739.0,46,2,727.28,5,2,3,10,Loyal
2740.0,270,2,1496.63,2,2,5,9,Potential
2741.0,53,5,1645.34,5,5,5,15,VIP Champions
2742.0,208,2,1380.0,2,2,4,8,Potential
2743.0,111,3,739.39,4,3,3,10,Loyal
2744.0,356,5,2480.73,1,5,5,11,Loyal
2745.0,154,6,1455.31,3,5,5,13,VIP Champions
2746.0,400,3,1514.81,1,3,5,9,Potential
2747.0,318,1,51.5,2,1,1,4,At Risk
2748.0,369,3,443.95000000000005,1,3,2,6,At Risk
2749.0,2,4,1270.6,5,4,4,13,VIP Champions
2750.0,161,5,1281.23,3,5,4,12,Loyal
2751.0,213,3,701.4,2,3,3,8,Potential
2752.0,256,1,302.86,2,1,1,4,At Risk
2754.0,242,1,253.23,2,1,1,4,At Risk
2755.0,222,5,2241.7,2,5,5,12,Loyal
2756.0,259,2,500.26,2,2,2,6,At Risk
2757.0,435,3,1054.0,1,3,4,8,Potential
2758.0,59,7,1175.3899999999999,5,5,4,14,VIP Champions
2759.0,110,5,1448.96,4,5,5,14,VIP Champions
2760.0,275,2,499.88,2,2,2,6,At Risk
2761.0,185,4,1249.75,3,4,4,11,Loyal
2762.0,270,3,366.59000000000003,2,3,2,7,Potential
2763.0,456,1,552.4,1,1,2,4,At Risk
2764.0,72,4,1004.08,4,4,4,12,Loyal
2765.0,8,6,1349.9099999999999,5,5,4,14,VIP Champions
2766.0,77,8,1558.16,4,5,5,14,VIP Champions
2767.0,390,3,409.75,1,3,2,6,At Risk
2768.0,134,3,331.66,3,3,1,7,Potential
2770.0,79,5,2662.2,4,5,5,14,VIP Champions
2771.0,22,6,1437.11,5,5,5,15,VIP Champions
2772.0,239,2,281.39,2,2,1,5,At Risk
2773.0,223,3,1085.73,2,3,4,9,Potential
2774.0,434,2,374.43,1,2,2,5,At Risk
2775.0,10,27,7923.54,5,5,5,15,VIP Champions
2776.0,343,1,138.13,1,1,1,3,Lost
2777.0,311,3,1147.73,2,3,4,9,Potential
2778.0,502,2,450.68999999999994,1,2,2,5,At Risk
2779.0,213,3,898.75,2,3,3,8,Potential
2780.0,589,2,358.16,1,2,2,5,At Risk
2781.0,184,4,826.72,3,4,3,10,Loyal
2782.0,69,2,324.03,4,2,1,7,Potential
2784.0,273,2,802.1600000000001,2,2,3,7,Potential
2785.0,66,2,1247.44,4,2,4,10,Loyal
2787.0,54,3,933.59,5,3,3,11,Loyal
2788.0,624,2,1103.48,1,2,4,7,Potential
2789.0,75,4,846.67,4,4,3,11,Loyal
2791.0,223,1,593.16,2,1,2,5,At Risk
2792.0,256,4,1280.26,2,4,4,10,Loyal
2793.0,17,5,1726.59,5,5,5,15,VIP Champions
2794.0,604,1,531.05,1,1,2,4,At Risk
2795.0,72,6,1770.78,4,5,5,14,VIP Champions
2797.0,231,2,441.73,2,2,2,6,At Risk
2799.0,149,5,1125.27,3,5,4,12,Loyal
2802.0,381,4,820.46,1,4,3,8,Potential
2803.0,271,5,1315.27,2,5,4,11,Loyal
2804.0,66,3,1813.65,4,3,5,12,Loyal
2805.0,222,4,1051.13,2,4,4,10,Loyal
2806.0,49,6,1678.4,5,5,5,15,VIP Champions
2807.0,245,3,1204.87,2,3,4,9,Potential
2808.0,28,6,1398.92,5,5,4,14,VIP Champions
2809.0,5,4,821.24,5,4,3,12,Loyal
2810.0,88,1,191.48,4,1,1,6,At Risk
2812.0,107,3,1216.02,4,3,4,11,Loyal
2814.0,44,1,47.88,5,1,1,7,Potential
2816.0,205,1,145.16,3,1,1,5,At Risk
2817.0,100,2,248.31,4,2,1,7,Potential
2818.0,358,1,342.66,1,1,1,3,Lost
2819.0,108,4,720.69,4,4,3,11,Loyal
2821.0,91,1,106.69,4,1,1,6,At Risk
2822.0,260,1,614.61,2,1,2,5,At Risk
2823.0,153,7,2402.05,3,5,5,13,VIP Champions
2824.0,119,2,372.8,4,2,2,8,Potential
2825.0,436,3,443.51,1,3,2,6,At Risk
2826.0,79,7,2788.1800000000003,4,5,5,14,VIP Champions
2827.0,28,6,1235.1200000000001,5,5,4,14,VIP Champions
2828.0,449,2,588.1800000000001,1,2,2,5,At Risk
2829.0,100,1,254.85,4,1,1,6,At Risk
2831.0,231,3,2045.54,2,3,5,10,Loyal
2832.0,52,2,2625.52,5,2,5,12,Loyal
2833.0,99,3,522.51,4,3,2,9,Potential
2834.0,328,1,594.87,2,1,2,5,At Risk
2835.0,323,4,1057.8999999999999,2,4,4,10,Loyal
2836.0,66,6,1070.03,4,5,4,13,VIP Champions
2837.0,44,1,104.85,5,1,1,7,Potential
2839.0,248,3,1338.96,2,3,4,9,Potential
2841.0,145,5,1074.1,3,5,4,12,Loyal
2842.0,52,3,754.9,5,3,3,11,Loyal
2843.0,288,2,973.3499999999999,2,2,4,8,Potential
2844.0,303,4,2211.84,2,4,5,11,Loyal
2845.0,25,2,1033.6200000000001,5,2,4,11,Loyal
2846.0,125,3,1211.7,3,3,4,10,Loyal
2847.0,127,1,176.65,3,1,1,5,At Risk
2848.0,168,3,975.5899999999999,3,3,4,10,Loyal
2849.0,94,7,2748.1,4,5,5,14,VIP Champions
2850.0,77,4,1471.6599999999999,4,4,5,13,VIP Champions
2851.0,312,2,168.08,2,2,1,5,At Risk
2852.0,79,4,926.1,4,4,3,11,Loyal
2853.0,30,1,654.14,5,1,3,9,Potential
2854.0,254,4,1084.91,2,4,4,10,Loyal
2855.0,397,3,759.37,1,3,3,7,Potential
2856.0,121,1,182.77,4,1,1,6,At Risk
2859.0,210,1,184.07,2,1,1,4,At Risk
2860.0,156,4,695.9200000000001,3,4,3,10,Loyal
2861.0,18,1,104.27,5,1,1,7,Potential
2862.0,93,2,1103.13,4,2,4,10,Loyal
2863.0,62,7,2557.4300000000003,4,5,5,14,VIP Champions
2864.0,395,2,629.84,1,2,2,5,At Risk
2865.0,92,4,984.33,4,4,4,12,Loyal
2867.0,243,3,765.1899999999999,2,3,3,8,Potential
2869.0,216,4,1547.46,2,4,5,11,Loyal
2870.0,166,2,870.82,3,2,3,8,Potential
2871.0,138,5,887.86,3,5,3,11,Loyal
2872.0,65,4,1225.8,4,4,4,12,Loyal
2874.0,236,5,4091.6,2,5,5,12,Loyal
2875.0,151,2,774.34,3,2,3,8,Potential
2876.0,322,2,738.96,2,2,3,7,Potential
2878.0,90,2,286.20000000000005,4,2,1,7,Potential
2879.0,35,1,756.3,5,1,3,9,Potential
2880.0,173,2,714.62,3,2,3,8,Potential
2881.0,156,3,579.91,3,3,2,8,Potential
2882.0,62,4,1615.41,4,4,5,13,VIP Champions
2883.0,217,1,486.04,2,1,2,5,At Risk
2884.0,201,3,491.92,3,3,2,8,Potential
2885.0,201,4,1360.6200000000001,3,4,4,11,Loyal
2886.0,86,2,196.47,4,2,1,7,Potential
2887.0,204,2,517.66,3,2,2,7,Potential
2888.0,169,3,260.47,3,3,1,7,Potential
2889.0,4,70,23892.45,5,5,5,15,VIP Champions
2890.0,138,2,382.02000000000004,3,2,2,7,Potential
2891.0,329,4,539.24,1,4,2,7,Potential
2892.0,185,2,238.35000000000002,3,2,1,6,At Risk
2893.0,187,3,1168.29,3,3,4,10,Loyal
2894.0,522,1,1106.01,1,1,4,6,At Risk
2895.0,322,2,392.32000000000005,2,2,2,6,At Risk
2897.0,56,1,42.64,5,1,1,7,Potential
2898.0,293,2,852.45,2,2,3,7,Potential
2899.0,8,5,1618.1000000000001,5,5,5,15,VIP Champions
2900.0,22,1,261.46,5,1,1,7,Potential
2901.0,261,6,1191.3799999999999,2,5,4,11,Loyal
2902.0,153,1,605.72,3,1,2,6,At Risk
2905.0,200,4,748.68,3,4,3,10,Loyal
2906.0,7,4,815.77,5,4,3,12,Loyal
2907.0,159,1,279.43,3,1,1,5,At Risk
2908.0,7,2,438.38,5,2,2,9,Potential
2909.0,21,4,1355.17,5,4,4,13,VIP Champions
2910.0,125,4,1179.22,3,4,4,11,Loyal
2911.0,122,5,1680.19,4,5,5,14,VIP Champions
2912.0,516,2,484.12,1,2,2,5,At Risk
2913.0,38,11,3655.6,5,5,5,15,VIP Champions
2914.0,18,3,1141.25,5,3,4,12,Loyal
2915.0,127,3,1001.56,3,3,4,10,Loyal
2916.0,708,1,221.42,1,1,1,3,Lost
2917.0,19,4,1507.59,5,4,5,14,VIP Champions
2920.0,217,1,130.02,2,1,1,4,At Risk
2922.0,364,1,884.76,1,1,3,5,At Risk
2924.0,250,4,1070.68,2,4,4,10,Loyal
2926.0,223,3,530.4000000000001,2,3,2,7,Potential
2927.0,185,3,478.03,3,3,2,8,Potential
2928.0,224,3,1074.57,2,3,4,9,Potential
2929.0,22,3,324.40000000000003,5,3,1,9,Potential
2930.0,549,2,403.77,1,2,2,5,At Risk
2931.0,101,5,1432.55,4,5,5,14,VIP Champions
2932.0,73,4,1613.45,4,4,5,13,VIP Champions
2933.0,46,4,331.07,5,4,1,10,Loyal
2935.0,192,1,665.1,3,1,3,7,Potential
2936.0,250,1,560.31,2,1,2,5,At Risk
2937.0,510,3,1045.73,1,3,4,8,Potential
2938.0,305,4,887.6,2,4,3,9,Potential
2939.0,151,2,985.14,3,2,4,9,Potential
2940.0,102,2,205.14,4,2,1,7,Potential
2941.0,125,7,1834.43,3,5,5,13,VIP Champions
2942.0,175,5,1013.22,3,5,4,12,Loyal
2943.0,151,4,782.71,3,4,3,10,Loyal
2944.0,55,2,989.18,5,2,4,11,Loyal
2946.0,17,5,1366.3500000000001,5,5,4,14,VIP Champions
2948.0,305,3,570.93,2,3,2,7,Potential
2949.0,80,7,2421.0499999999997,4,5,5,14,VIP Champions
2950.0,383,1,410.0,1,1,2,4,At Risk
2951.0,38,4,1474.67,5,4,5,14,VIP Champions
2952.0,162,7,2632.69,3,5,5,13,VIP Champions
2954.0,30,4,2431.92,5,4,5,14,VIP Champions
2955.0,36,13,5417.71,5,5,5,15,VIP Champions
2956.0,6,5,2317.91,5,5,5,15,VIP Champions
2957.0,377,3,973.53,1,3,4,8,Potential
2960.0,267,2,248.67000000000002,2,2,1,5,At Risk
2961.0,5,6,4419.27,5,5,5,15,VIP Champions
2962.0,256,1,158.94,2,1,1,4,At Risk
2963.0,16,5,737.71,5,5,3,13,VIP Champions
2964.0,90,1,388.92,4,1,2,7,Potential
2966.0,84,3,474.64,4,3,2,9,Potential
2968.0,220,3,859.1200000000001,2,3,3,8,Potential
2969.0,584,2,1495.79,1,2,5,8,Potential
2971.0,231,3,683.38,2,3,3,8,Potential
2972.0,434,5,737.1800000000001,1,5,3,9,Potential
2973.0,432,4,1096.84,1,4,4,9,Potential
2974.0,297,1,272.6,2,1,1,4,At Risk
2975.0,381,2,630.5699999999999,1,2,2,5,At Risk
2976.0,398,3,1458.65,1,3,5,9,Potential
2977.0,132,4,2348.3599999999997,3,4,5,12,Loyal
2978.0,251,5,2306.84,2,5,5,12,Loyal
2979.0,128,3,929.3100000000001,3,3,3,9,Potential
2980.0,18,6,1640.12,5,5,5,15,VIP Champions
2981.0,148,2,157.42000000000002,3,2,1,6,At Risk
2983.0,621,3,556.95,1,3,2,6,At Risk
2984.0,12,5,853.25,5,5,3,13,VIP Champions
2986.0,510,2,1030.51,1,2,4,7,Potential
2987.0,12,4,792.25,5,4,3,12,Loyal
2988.0,419,1,360.28,1,1,2,4,At Risk
2989.0,262,5,2035.4599999999998,2,5,5,12,Loyal
2990.0,457,2,473.52,1,2,2,5,At Risk
2991.0,212,2,1165.86,2,2,4,8,Potential
2993.0,77,1,329.99,4,1,1,6,At Risk
2994.0,95,2,1026.64,4,2,4,10,Loyal
2995.0,76,2,626.36,4,2,2,8,Potential
2996.0,118,4,848.0600000000001,4,4,3,11,Loyal
2997.0,3,75,23403.83,5,5,5,15,VIP Champions
2999.0,90,3,896.82,4,3,3,10,Loyal
3000.0,150,3,748.95,3,3,3,9,Potential
3001.0,8,4,2657.02,5,4,5,14,VIP Champions
3002.0,558,1,659.49,1,1,3,5,At Risk
3003.0,88,5,1210.3600000000001,4,5,4,13,VIP Champions
3004.0,159,1,583.44,3,1,2,6,At Risk
3006.0,285,1,331.59,2,1,1,4,At Risk
3007.0,323,1,47.36,2,1,1,4,At Risk
3008.0,744,1,1053.99,1,1,4,6,At Risk
3009.0,206,3,894.12,2,3,3,8,Potential
3010.0,71,5,1860.23,4,5,5,14,VIP Champions
3011.0,210,4,698.89,2,4,3,9,Potential
3012.0,76,4,901.24,4,4,3,11,Loyal
3014.0,4,3,1449.1399999999999,5,3,5,13,VIP Champions
3015.0,300,3,1298.75,2,3,4,9,Potential
3017.0,320,1,291.72,2,1,1,4,At Risk
3018.0,289,3,1289.71,2,3,4,9,Potential
3019.0,207,4,1756.05,2,4,5,11,Loyal
3020.0,19,3,944.1999999999999,5,3,3,11,Loyal
3021.0,199,1,147.58,3,1,1,5,At Risk
3022.0,243,2,951.1500000000001,2,2,3,7,Potential
3023.0,323,3,729.79,2,3,3,8,Potential
3024.0,199,1,1482.9,3,1,5,9,Potential
3025.0,19,5,1696.74,5,5,5,15,VIP Champions
3026.0,185,4,972.7500000000001,3,4,4,11,Loyal
3027.0,85,1,420.72,4,1,2,7,Potential
3028.0,257,2,122.81,2,2,1,5,At Risk
3030.0,119,2,1153.6499999999999,4,2,4,10,Loyal
3032.0,723,1,205.89,1,1,1,3,Lost
3033.0,126,5,1177.32,3,5,4,12,Loyal
3034.0,128,5,1779.09,3,5,5,13,VIP Champions
3035.0,3,6,3185.2,5,5,5,15,VIP Champions
3036.0,16,3,471.63,5,3,2,10,Loyal
3038.0,201,4,437.58,3,4,2,9,Potential
3039.0,17,1,77.78,5,1,1,7,Potential
3041.0,256,7,1750.51,2,5,5,12,Loyal
3043.0,69,3,661.73,4,3,3,10,Loyal
3044.0,301,5,1564.31,2,5,5,12,Loyal
3045.0,573,3,667.03,1,3,3,7,Potential
3046.0,72,6,2380.65,4,5,5,14,VIP Champions
3047.0,188,3,1122.68,3,3,4,10,Loyal
3048.0,109,6,2558.87,4,5,5,14,VIP Champions
3049.0,309,2,852.1700000000001,2,2,3,7,Potential
3050.0,50,4,975.28,5,4,4,13,VIP Champions
3051.0,78,1,47.38,4,1,1,6,At Risk
3052.0,27,2,366.04999999999995,5,2,2,9,Potential
3053.0,209,4,749.6800000000001,2,4,3,9,Potential
3055.0,38,3,817.76,5,3,3,11,Loyal
3056.0,131,1,536.3,3,1,2,6,At Risk
3057.0,150,7,2860.92,3,5,5,13,VIP Champions
3058.0,341,3,1758.18,1,3,5,9,Potential
3059.0,6,1,51.58,5,1,1,7,Potential
3061.0,30,2,369.31000000000006,5,2,2,9,Potential
3062.0,124,5,1181.5900000000001,3,5,4,12,Loyal
3063.0,65,3,896.46,4,3,3,10,Loyal
3064.0,60,3,411.44,5,3,2,10,Loyal
3065.0,68,2,562.43,4,2,2,8,Potential
3066.0,23,2,1336.1,5,2,4,11,Loyal
3067.0,121,3,821.5899999999999,4,3,3,10,Loyal
3068.0,105,4,718.13,4,4,3,11,Loyal
3069.0,33,5,1339.74,5,5,4,14,VIP Champions
3070.0,28,4,807.98,5,4,3,12,Loyal
3071.0,7,3,1443.91,5,3,5,13,VIP Champions
3072.0,360,3,1864.32,1,3,5,9,Potential
3073.0,134,2,508.98,3,2,2,7,Potential
3074.0,81,4,1813.5700000000002,4,4,5,13,VIP Champions
3075.0,12,1,145.16,5,1,1,7,Potential
3076.0,64,5,1837.7999999999997,4,5,5,14,VIP Champions
3077.0,54,5,1516.87,5,5,5,15,VIP Champions
3079.0,108,1,200.77,4,1,1,6,At Risk
3080.0,397,3,799.3499999999999,1,3,3,7,Potential
3081.0,203,6,910.91,3,5,3,11,Loyal
3082.0,227,3,1497.6399999999999,2,3,5,10,Loyal
3083.0,180,3,728.9,3,3,3,9,Potential
3084.0,216,2,922.02,2,2,3,7,Potential
3085.0,441,5,1178.58,1,5,4,10,Loyal
3089.0,275,1,160.21,2,1,1,4,At Risk
3090.0,201,2,332.69,3,2,1,6,At Risk
3091.0,11,1,209.7,5,1,1,7,Potential
3093.0,658,1,153.62,1,1,1,3,Lost
3094.0,441,2,844.0799999999999,1,2,3,6,At Risk
3095.0,68,2,534.54,4,2,2,8,Potential
3096.0,123,5,1557.57,3,5,5,13,VIP Champions
3098.0,61,2,889.5600000000001,5,2,3,10,Loyal
3099.0,358,4,829.18,1,4,3,8,Potential
3100.0,503,2,364.24,1,2,2,5,At Risk
3101.0,70,1,332.54,4,1,1,6,At Risk
3103.0,196,7,1606.22,3,5,5,13,VIP Champions
3106.0,324,3,680.26,2,3,3,8,Potential
3107.0,292,3,1468.1799999999998,2,3,5,10,Loyal
3108.0,156,5,878.8199999999999,3,5,3,11,Loyal
3109.0,182,3,699.16,3,3,3,9,Potential
3110.0,306,4,677.78,2,4,3,9,Potential
3111.0,149,4,1033.76,3,4,4,11,Loyal
3112.0,90,6,1905.14,4,5,5,14,VIP Champions
3113.0,210,2,664.51,2,2,3,7,Potential
3114.0,400,3,879.0799999999999,1,3,3,7,Potential
3115.0,185,2,894.25,3,2,3,8,Potential
3116.0,242,1,756.99,2,1,3,6,At Risk
3118.0,70,6,1947.42,4,5,5,14,VIP Champions
3119.0,198,7,2317.38,3,5,5,13,VIP Champions
3120.0,15,1,116.1,5,1,1,7,Potential
3121.0,642,1,210.18,1,1,1,3,Lost
3122.0,317,2,963.02,2,2,4,8,Potential
3123.0,193,4,577.3900000000001,3,4,2,9,Potential
3125.0,54,6,1053.59,5,5,4,14,VIP Champions
3126.0,89,2,381.57,4,2,2,8,Potential
3127.0,259,5,1939.28,2,5,5,12,Loyal
3128.0,22,7,1599.6000000000001,5,5,5,15,VIP Champions
3129.0,175,1,101.26,3,1,1,5,At Risk
3130.0,217,5,650.35,2,5,3,10,Loyal
3131.0,69,3,679.95,4,3,3,10,Loyal
3132.0,116,4,1126.1599999999999,4,4,4,12,Loyal
3133.0,418,6,1212.02,1,5,4,10,Loyal
3134.0,96,4,696.94,4,4,3,11,Loyal
3135.0,396,2,426.44,1,2,2,5,At Risk
3136.0,346,5,1938.3200000000002,1,5,5,11,Loyal
3137.0,91,2,888.49,4,2,3,9,Potential
3138.0,145,4,675.25,3,4,3,10,Loyal
3139.0,130,1,138.9,3,1,1,5,At Risk
3140.0,526,2,337.79,1,2,1,4,At Risk
3142.0,594,1,276.26,1,1,1,3,Lost
3143.0,44,2,184.81,5,2,1,8,Potential
3144.0,29,2,532.12,5,2,2,9,Potential
3145.0,694,1,737.94,1,1,3,5,At Risk
3146.0,118,5,1485.01,4,5,5,14,VIP Champions
3147.0,477,2,354.71000000000004,1,2,2,5,At Risk
3150.0,53,2,967.83,5,2,4,11,Loyal
3151.0,7,3,1082.3000000000002,5,3,4,12,Loyal
3152.0,437,3,967.29,1,3,4,8,Potential
3153.0,19,3,698.22,5,3,3,11,Loyal
3154.0,89,5,994.21,4,5,4,13,VIP Champions
3156.0,165,1,377.82,3,1,2,6,At Risk
3158.0,100,2,481.90999999999997,4,2,2,8,Potential
3159.0,50,5,578.7,5,5,2,12,Loyal
3160.0,258,4,1472.5900000000001,2,4,5,11,Loyal
3161.0,260,2,410.38,2,2,2,6,At Risk
3163.0,21,5,1752.62,5,5,5,15,VIP Champions
3164.0,260,4,1437.18,2,4,5,11,Loyal
3165.0,94,6,2108.35,4,5,5,14,VIP Champions
3166.0,191,6,2859.4500000000003,3,5,5,13,VIP Champions
3167.0,12,2,297.86,5,2,1,8,Potential
3168.0,140,1,70.01,3,1,1,5,At Risk
3169.0,81,1,231.13,4,1,1,6,At Risk
3170.0,484,2,366.60999999999996,1,2,2,5,At Risk
3171.0,107,2,571.41,4,2,2,8,Potential
3172.0,182,3,908.8499999999999,3,3,3,9,Potential
3173.0,200,1,190.86,3,1,1,5,At Risk
3174.0,225,1,138.13,2,1,1,4,At Risk
3177.0,226,4,1028.18,2,4,4,10,Loyal
3178.0,103,2,325.42,4,2,1,7,Potential
3179.0,220,2,760.46,2,2,3,7,Potential
3180.0,156,3,368.2,3,3,2,8,Potential
3182.0,173,4,1167.5400000000002,3,4,4,11,Loyal
3183.0,176,3,1119.83,3,3,4,10,Loyal
3184.0,498,2,1490.94,1,2,5,8,Potential
3185.0,185,5,1557.54,3,5,5,13,VIP Champions
3186.0,189,2,898.37,3,2,3,8,Potential
3187.0,511,1,218.84,1,1,1,3,Lost
3189.0,15,2,721.5799999999999,5,2,3,10,Loyal
3190.0,36,1,402.62,5,1,2,8,Potential
3192.0,205,3,812.3199999999999,3,3,3,9,Potential
3194.0,46,5,1679.42,5,5,5,15,VIP Champions
3196.0,214,2,324.18,2,2,1,5,At Risk
3197.0,262,7,1776.78,2,5,5,12,Loyal
3198.0,170,3,722.29,3,3,3,9,Potential
3199.0,41,3,555.75,5,3,2,10,Loyal
3200.0,76,4,1511.45,4,4,5,13,VIP Champions
3201.0,58,6,2257.99,5,5,5,15,VIP Champions
3202.0,128,1,420.72,3,1,2,6,At Risk
3203.0,350,3,970.74,1,3,4,8,Potential
3204.0,85,4,1300.22,4,4,4,12,Loyal
3205.0,116,1,276.2,4,1,1,6,At Risk
3206.0,162,5,3427.36,3,5,5,13,VIP Champions
3207.0,372,2,265.98,1,2,1,4,At Risk
3208.0,183,3,473.48,3,3,2,8,Potential
3210.0,86,3,885.42,4,3,3,10,Loyal
3211.0,224,1,434.08,2,1,2,5,At Risk
3212.0,137,4,616.85,3,4,2,9,Potential
3213.0,340,3,683.8,1,3,3,7,Potential
3214.0,88,5,1156.1,4,5,4,13,VIP Champions
3216.0,209,1,417.44,2,1,2,5,At Risk
3217.0,321,1,327.07,2,1,1,4,At Risk
3218.0,8,4,1319.55,5,4,4,13,VIP Champions
3219.0,310,1,431.16,2,1,2,5,At Risk
3221.0,223,2,104.35,2,2,1,5,At Risk
3222.0,64,2,1088.2,4,2,4,10,Loyal
3223.0,242,2,563.99,2,2,2,6,At Risk
3224.0,330,1,215.58,1,1,1,3,Lost
3225.0,151,3,1064.95,3,3,4,10,Loyal
3226.0,23,3,364.41,5,3,2,10,Loyal
3227.0,10,7,1768.32,5,5,5,15,VIP Champions
3228.0,42,5,2581.17,5,5,5,15,VIP Champions
3229.0,1,4,793.86,5,4,3,12,Loyal
3230.0,175,5,1380.38,3,5,4,12,Loyal
3231.0,162,2,1202.74,3,2,4,9,Potential
3232.0,114,6,1311.62,4,5,4,13,VIP Champions
3233.0,5,6,1031.4099999999999,5,5,4,14,VIP Champions
3234.0,16,4,630.11,5,4,2,11,Loyal
3235.0,141,4,2142.65,3,4,5,12,Loyal
3236.0,582,3,373.79,1,3,2,6,At Risk
3237.0,184,4,917.83,3,4,3,10,Loyal
3238.0,118,2,559.08,4,2,2,8,Potential
3239.0,314,2,888.68,2,2,3,7,Potential
3240.0,3,7,2364.86,5,5,5,15,VIP Champions
3241.0,164,3,527.05,3,3,2,8,Potential
3242.0,13,7,2050.61,5,5,5,15,VIP Champions
3243.0,212,2,383.87,2,2,2,6,At Risk
3244.0,480,1,205.89,1,1,1,3,Lost
3246.0,74,5,819.15,4,5,3,12,Loyal
3247.0,456,3,1997.6100000000001,1,3,5,9,Potential
3248.0,531,3,958.16,1,3,4,8,Potential
3249.0,29,5,1946.02,5,5,5,15,VIP Champions
3250.0,235,2,342.68,2,2,1,5,At Risk
3251.0,141,3,593.34,3,3,2,8,Potential
3252.0,85,4,1597.97,4,4,5,13,VIP Champions
3253.0,39,3,1159.83,5,3,4,12,Loyal
3254.0,36,2,579.8,5,2,2,9,Potential
3255.0,444,1,106.69,1,1,1,3,Lost
3257.0,46,2,405.62,5,2,2,9,Potential
3258.0,56,5,1258.45,5,5,4,14,VIP Champions
3260.0,278,2,411.47,2,2,2,6,At Risk
3261.0,33,3,988.88,5,3,4,12,Loyal
3262.0,268,2,1332.42,2,2,4,8,Potential
3263.0,9,3,1265.96,5,3,4,12,Loyal
3264.0,499,1,163.64,1,1,1,3,Lost
3265.0,127,2,535.47,3,2,2,7,Potential
3266.0,325,1,706.6,2,1,3,6,At Risk
3267.0,168,2,617.28,3,2,2,7,Potential
3268.0,289,8,2490.68,2,5,5,12,Loyal
3269.0,20,2,431.53999999999996,5,2,2,9,Potential
3270.0,119,3,1385.83,4,3,4,11,Loyal
3271.0,339,3,699.21,1,3,3,7,Potential
3273.0,63,3,1680.9299999999998,4,3,5,12,Loyal
3275.0,334,4,2133.3900000000003,1,4,5,10,Loyal
3278.0,453,1,153.4,1,1,1,3,Lost
3279.0,209,3,757.74,2,3,3,8,Potential
3280.0,98,6,1766.0,4,5,5,14,VIP Champions
3281.0,184,1,48.85,3,1,1,5,At Risk
3282.0,67,3,940.87,4,3,3,10,Loyal
3283.0,112,5,1025.0900000000001,4,5,4,13,VIP Champions
3284.0,97,3,1005.3299999999999,4,3,4,11,Loyal
3285.0,22,4,828.2800000000001,5,4,3,12,Loyal
3286.0,69,2,217.36,4,2,1,7,Potential
3287.0,264,3,1361.59,2,3,4,9,Potential
3288.0,446,2,387.83000000000004,1,2,2,5,At Risk
3289.0,86,2,1166.6699999999998,4,2,4,10,Loyal
3290.0,431,1,495.28,1,1,2,4,At Risk
3291.0,283,4,1196.89,2,4,4,10,Loyal
3292.0,110,3,1618.98,4,3,5,12,Loyal
3293.0,73,3,408.32000000000005,4,3,2,9,Potential
3296.0,255,3,988.51,2,3,4,9,Potential
3297.0,319,5,1414.81,2,5,4,11,Loyal
3298.0,234,3,924.58,2,3,3,8,Potential
3299.0,514,1,171.33,1,1,1,3,Lost
3300.0,7,3,1156.05,5,3,4,12,Loyal
3301.0,31,1,151.08,5,1,1,7,Potential
3302.0,26,6,2567.91,5,5,5,15,VIP Champions
3304.0,7,1,321.42,5,1,1,7,Potential
3305.0,236,7,2502.82,2,5,5,12,Loyal
3306.0,294,1,260.0,2,1,1,4,At Risk
3308.0,652,2,108.18,1,2,1,4,At Risk
3309.0,234,4,940.05,2,4,3,9,Potential
3311.0,54,3,569.36,5,3,2,10,Loyal
3312.0,301,5,1043.67,2,5,4,11,Loyal
3313.0,226,1,138.9,2,1,1,4,At Risk
3314.0,88,3,1241.13,4,3,4,11,Loyal
3315.0,311,2,617.62,2,2,2,6,At Risk
3316.0,284,3,685.79,2,3,3,8,Potential
3317.0,287,2,315.8,2,2,1,5,At Risk
3319.0,133,1,432.36,3,1,2,6,At Risk
3320.0,307,3,641.6500000000001,2,3,3,8,Potential
3321.0,27,3,1037.3799999999999,5,3,4,12,Loyal
3322.0,298,5,1218.77,2,5,4,11,Loyal
3324.0,18,2,366.84000000000003,5,2,2,9,Potential
3325.0,139,4,1357.46,3,4,4,11,Loyal
3326.0,161,2,329.28,3,2,1,6,At Risk
3327.0,173,4,1452.9,3,4,5,12,Loyal
3328.0,169,2,918.5,3,2,3,8,Potential
3329.0,56,4,754.06,5,4,3,12,Loyal
3330.0,136,4,688.28,3,4,3,10,Loyal
3332.0,49,5,1439.6299999999999,5,5,5,15,VIP Champions
3334.0,47,2,987.75,5,2,4,11,Loyal
3335.0,410,1,356.57,1,1,2,4,At Risk
3336.0,445,3,562.58,1,3,2,6,At Risk
3337.0,83,3,750.28,4,3,3,10,Loyal
3338.0,190,5,899.12,3,5,3,11,Loyal
3339.0,208,5,1313.5,2,5,4,11,Loyal
3341.0,247,2,390.94,2,2,2,6,At Risk
3342.0,51,6,2038.1599999999999,5,5,5,15,VIP Champions
3343.0,66,3,1666.4799999999998,4,3,5,12,Loyal
3345.0,17,2,257.97,5,2,1,8,Potential
3346.0,227,1,183.31,2,1,1,4,At Risk
3347.0,6,1,106.69,5,1,1,7,Potential
3348.0,239,2,233.79,2,2,1,5,At Risk
3349.0,45,1,204.87,5,1,1,7,Potential
3350.0,20,76,26286.100000000002,5,5,5,15,VIP Champions
3351.0,69,6,2124.85,4,5,5,14,VIP Champions
3352.0,221,2,851.01,2,2,3,7,Potential
3353.0,193,1,214.72,3,1,1,5,At Risk
3354.0,185,4,851.03,3,4,3,10,Loyal
3355.0,37,5,1314.56,5,5,4,14,VIP Champions
3356.0,257,6,1166.13,2,5,4,11,Loyal
3357.0,76,4,745.69,4,4,3,11,Loyal
3358.0,66,6,1710.5700000000002,4,5,5,14,VIP Champions
3359.0,278,5,856.03,2,5,3,10,Loyal
3361.0,143,6,1238.29,3,5,4,12,Loyal
3362.0,67,5,1104.57,4,5,4,13,VIP Champions
3363.0,326,1,130.02,2,1,1,4,At Risk
3364.0,189,1,278.59,3,1,1,5,At Risk
3365.0,105,4,501.06,4,4,2,10,Loyal
3366.0,287,4,784.36,2,4,3,9,Potential
3367.0,58,3,2322.4,5,3,5,13,VIP Champions
3368.0,144,3,782.91,3,3,3,9,Potential
3370.0,2,1,44.08,5,1,1,7,Potential
3371.0,61,5,1191.77,5,5,4,14,VIP Champions
3372.0,257,2,1467.9699999999998,2,2,5,9,Potential
3373.0,36,3,1566.4,5,3,5,13,VIP Champions
3374.0,90,2,473.74,4,2,2,8,Potential
3375.0,181,2,1357.61,3,2,4,9,Potential
3376.0,266,4,1095.65,2,4,4,10,Loyal
3377.0,281,5,600.33,2,5,2,9,Potential
3379.0,327,3,1158.97,2,3,4,9,Potential
3380.0,330,1,1128.99,1,1,4,6,At Risk
3382.0,96,4,848.46,4,4,3,11,Loyal
3383.0,170,2,658.49,3,2,3,8,Potential
3384.0,5,8,2331.12,5,5,5,15,VIP Champions
3386.0,161,1,605.72,3,1,2,6,At Risk
3387.0,624,2,539.19,1,2,2,5,At Risk
3388.0,76,3,396.04999999999995,4,3,2,9,Potential
3389.0,443,3,1347.86,1,3,4,8,Potential
3390.0,85,1,273.06,4,1,1,6,At Risk
3391.0,173,4,705.5999999999999,3,4,3,10,Loyal
3392.0,180,3,756.25,3,3,3,9,Potential
3393.0,148,4,805.4100000000001,3,4,3,10,Loyal
3394.0,123,6,2166.71,3,5,5,13,VIP Champions
3395.0,120,4,495.07,4,4,2,10,Loyal
3396.0,88,2,513.08,4,2,2,8,Potential
3397.0,216,4,651.23,2,4,3,9,Potential
3398.0,248,4,754.8499999999999,2,4,3,9,Potential
3399.0,186,5,1266.6100000000001,3,5,4,12,Loyal
3401.0,37,5,1729.71,5,5,5,15,VIP Champions
3403.0,136,4,610.8199999999999,3,4,2,9,Potential
3404.0,323,5,1504.64,2,5,5,12,Loyal
3405.0,316,5,647.9,2,5,3,10,Loyal
3406.0,345,2,786.0,1,2,3,6,At Risk
3408.0,25,4,2025.48,5,4,5,14,VIP Champions
3409.0,430,1,130.36,1,1,1,3,Lost
3410.0,142,2,305.34000000000003,3,2,1,6,At Risk
3411.0,178,3,783.74,3,3,3,9,Potential
3412.0,249,3,1146.99,2,3,4,9,Potential
3413.0,77,1,58.49,4,1,1,6,At Risk
3414.0,145,3,1075.24,3,3,4,10,Loyal
3415.0,732,1,560.04,1,1,2,4,At Risk
3416.0,661,2,494.84,1,2,2,5,At Risk
3417.0,280,3,573.73,2,3,2,7,Potential
3418.0,683,2,494.81999999999994,1,2,2,5,At Risk
3419.0,90,4,1747.21,4,4,5,13,VIP Champions
3420.0,62,1,482.26,4,1,2,7,Potential
3421.0,523,4,314.65,1,4,1,6,At Risk
3422.0,88,1,166.52,4,1,1,6,At Risk
3424.0,66,6,1538.92,4,5,5,14,VIP Champions
3425.0,107,4,756.99,4,4,3,11,Loyal
3428.0,60,1,583.44,5,1,2,8,Potential
3429.0,138,3,635.8,3,3,3,9,Potential
3430.0,84,4,1405.79,4,4,4,12,Loyal
3431.0,68,7,1816.4099999999999,4,5,5,14,VIP Champions
3432.0,93,5,2475.63,4,5,5,14,VIP Champions
3433.0,65,1,281.19,4,1,1,6,At Risk
3434.0,87,3,303.33,4,3,1,8,Potential
3435.0,320,5,1898.02,2,5,5,12,Loyal
3436.0,632,2,404.39,1,2,2,5,At Risk
3437.0,154,2,614.9200000000001,3,2,2,7,Potential
3438.0,8,6,1001.6800000000001,5,5,4,14,VIP Champions
3439.0,249,7,1783.97,2,5,5,12,Loyal
3441.0,87,2,659.5899999999999,4,2,3,9,Potential
3442.0,103,3,475.26,4,3,2,9,Potential
3443.0,126,3,1064.8700000000001,3,3,4,10,Loyal
3444.0,136,2,546.62,3,2,2,7,Potential
3445.0,180,2,299.31,3,2,1,6,At Risk
3446.0,80,6,2692.31,4,5,5,14,VIP Champions
3447.0,192,3,1042.22,3,3,4,10,Loyal
3448.0,438,1,271.35,1,1,1,3,Lost
3449.0,81,3,1008.65,4,3,4,11,Loyal
3451.0,101,5,1069.3600000000001,4,5,4,13,VIP Champions
3452.0,231,4,489.33,2,4,2,8,Potential
3453.0,6,1,16.62,5,1,1,7,Potential
3454.0,243,1,110.53,2,1,1,4,At Risk
3455.0,258,1,351.62,2,1,2,5,At Risk
3457.0,126,5,1766.75,3,5,5,13,VIP Champions
3458.0,344,4,718.9799999999999,1,4,3,8,Potential
3459.0,10,6,1399.3,5,5,4,14,VIP Champions
3460.0,65,6,2194.25,4,5,5,14,VIP Champions
3461.0,260,2,459.94,2,2,2,6,At Risk
3462.0,464,2,1002.9499999999999,1,2,4,7,Potential
3463.0,49,5,1070.07,5,5,4,14,VIP Champions
3465.0,593,3,490.09,1,3,2,6,At Risk
3466.0,735,1,57.08,1,1,1,3,Lost
3467.0,23,3,727.73,5,3,3,11,Loyal
3468.0,443,1,23.45,1,1,1,3,Lost
3469.0,152,4,1117.21,3,4,4,11,Loyal
3470.0,93,5,3166.25,4,5,5,14,VIP Champions
3471.0,198,3,937.94,3,3,3,9,Potential
3472.0,504,3,1044.5600000000002,1,3,4,8,Potential
3473.0,718,1,273.06,1,1,1,3,Lost
3474.0,53,5,1137.6000000000001,5,5,4,14,VIP Champions
3475.0,301,3,823.33,2,3,3,8,Potential
3476.0,85,7,1895.3500000000001,4,5,5,14,VIP Champions
3477.0,248,2,1421.04,2,2,4,8,Potential
3479.0,165,3,397.54999999999995,3,3,2,8,Potential
3480.0,126,3,417.49,3,3,2,8,Potential
3481.0,75,3,675.94,4,3,3,10,Loyal
3482.0,219,1,206.34,2,1,1,4,At Risk
3485.0,267,3,484.22,2,3,2,7,Potential
3486.0,538,2,694.5799999999999,1,2,3,6,At Risk
3488.0,157,1,750.68,3,1,3,7,Potential
3489.0,136,3,979.8699999999999,3,3,4,10,Loyal
3490.0,60,1,107.36,5,1,1,7,Potential
3491.0,146,2,652.84,3,2,3,8,Potential
3492.0,170,2,359.78,3,2,2,7,Potential
3493.0,216,4,911.47,2,4,3,9,Potential
3494.0,203,3,701.48,3,3,3,9,Potential
3496.0,308,2,418.1,2,2,2,6,At Risk
3497.0,660,1,26.79,1,1,1,3,Lost
3498.0,91,3,1298.4299999999998,4,3,4,11,Loyal
3500.0,709,2,372.23,1,2,2,5,At Risk
3501.0,170,1,260.04,3,1,1,5,At Risk
3502.0,155,3,440.42999999999995,3,3,2,8,Potential
3504.0,350,3,684.4100000000001,1,3,3,7,Potential
3505.0,292,4,935.05,2,4,3,9,Potential
3507.0,293,1,207.23,2,1,1,4,At Risk
3508.0,268,3,1309.1399999999999,2,3,4,9,Potential
3509.0,51,4,1163.14,5,4,4,13,VIP Champions
3510.0,282,1,366.62,2,1,2,5,At Risk
3511.0,237,2,458.6,2,2,2,6,At Risk
3512.0,362,5,1980.01,1,5,5,11,Loyal
3513.0,290,1,246.97,2,1,1,4,At Risk
3514.0,404,6,1187.99,1,5,4,10,Loyal
3515.0,347,5,1796.6299999999999,1,5,5,11,Loyal
3516.0,53,5,1210.99,5,5,4,14,VIP Champions
3517.0,370,2,530.69,1,2,2,5,At Risk
3518.0,168,6,1394.4099999999999,3,5,4,12,Loyal
3520.0,452,2,490.15999999999997,1,2,2,5,At Risk
3521.0,56,4,1507.99,5,4,5,14,VIP Champions
3522.0,418,3,616.87,1,3,2,6,At Risk
3523.0,134,5,1506.42,3,5,5,13,VIP Champions
3524.0,118,1,437.16,4,1,2,7,Potential
3525.0,216,7,1770.1299999999999,2,5,5,12,Loyal
3526.0,305,2,421.18,2,2,2,6,At Risk
3527.0,222,1,312.41,2,1,1,4,At Risk
3528.0,82,5,1291.43,4,5,4,13,VIP Champions
3529.0,187,5,2002.13,3,5,5,13,VIP Champions
3530.0,446,3,450.56,1,3,2,6,At Risk
3531.0,241,2,366.51,2,2,2,6,At Risk
3532.0,240,6,842.46,2,5,3,10,Loyal
3533.0,74,3,1785.9299999999998,4,3,5,12,Loyal
3534.0,81,5,998.1999999999999,4,5,4,13,VIP Champions
3535.0,120,3,681.98,4,3,3,10,Loyal
3536.0,358,3,458.67,1,3,2,6,At Risk
3537.0,630,1,74.81,1,1,1,3,Lost
3538.0,101,3,374.73,4,3,2,9,Potential
3539.0,11,4,1071.67,5,4,4,13,VIP Champions
3540.0,190,4,1357.4099999999999,3,4,4,11,Loyal
3543.0,413,1,78.09,1,1,1,3,Lost
3545.0,111,6,2850.3,4,5,5,14,VIP Champions
3549.0,300,3,1304.52,2,3,4,9,Potential
3550.0,76,2,428.57,4,2,2,8,Potential
3551.0,131,6,2018.52,3,5,5,13,VIP Champions
3552.0,185,6,1869.02,3,5,5,13,VIP Champions
3553.0,128,4,1073.26,3,4,4,11,Loyal
3554.0,545,3,914.5999999999999,1,3,3,7,Potential
3555.0,430,3,1258.03,1,3,4,8,Potential
3556.0,10,69,18332.28,5,5,5,15,VIP Champions
3559.0,2,2,1091.42,5,2,4,11,Loyal
3560.0,474,4,1365.73,1,4,4,9,Potential
3561.0,214,1,737.34,2,1,3,6,At Risk
3562.0,303,5,1573.61,2,5,5,12,Loyal
3563.0,83,8,1149.08,4,5,4,13,VIP Champions
3564.0,574,1,58.96,1,1,1,3,Lost
3565.0,139,1,183.31,3,1,1,5,At Risk
3567.0,77,3,1020.5600000000001,4,3,4,11,Loyal
3568.0,75,2,1412.25,4,2,4,10,Loyal
3571.0,126,5,1519.76,3,5,5,13,VIP Champions
3572.0,32,3,1632.08,5,3,5,13,VIP Champions
3573.0,507,2,201.04000000000002,1,2,1,4,At Risk
3574.0,33,3,1959.43,5,3,5,13,VIP Champions
3575.0,84,5,1262.82,4,5,4,13,VIP Champions
3576.0,25,4,2289.46,5,4,5,14,VIP Champions
3577.0,28,3,786.0699999999999,5,3,3,11,Loyal
3578.0,28,6,1466.9,5,5,5,15,VIP Champions
3579.0,223,1,192.22,2,1,1,4,At Risk
3580.0,194,3,1020.4,3,3,4,10,Loyal
3582.0,23,8,2494.25,5,5,5,15,VIP Champions
3583.0,369,4,1549.8,1,4,5,10,Loyal
3584.0,345,1,142.57,1,1,1,3,Lost
3585.0,351,5,1082.72,1,5,4,10,Loyal
3586.0,264,1,116.98,2,1,1,4,At Risk
3587.0,17,2,386.67999999999995,5,2,2,9,Potential
3588.0,187,1,761.4,3,1,3,7,Potential
3589.0,159,2,246.84,3,2,1,6,At Risk
3590.0,308,2,322.68,2,2,1,5,At Risk
3591.0,380,2,346.48,1,2,1,4,At Risk
3592.0,203,2,632.7,3,2,3,8,Potential
3593.0,179,2,355.21,3,2,2,7,Potential
3594.0,268,1,296.58,2,1,1,4,At Risk
3595.0,20,1,50.85,5,1,1,7,Potential
3596.0,164,3,1018.09,3,3,4,10,Loyal
3597.0,427,3,301.51,1,3,1,5,At Risk
3598.0,186,2,747.26,3,2,3,8,Potential
3599.0,38,3,925.32,5,3,3,11,Loyal
3600.0,212,4,1241.49,2,4,4,10,Loyal
3601.0,149,2,885.0699999999999,3,2,3,8,Potential
3602.0,430,3,636.96,1,3,3,7,Potential
3603.0,159,6,2389.74,3,5,5,13,VIP Champions
3604.0,200,4,1545.27,3,4,5,12,Loyal
3605.0,5,77,21626.1,5,5,5,15,VIP Champions
3606.0,487,4,1213.6,1,4,4,9,Potential
3607.0,82,5,1209.04,4,5,4,13,VIP Champions
3608.0,169,4,2496.09,3,4,5,12,Loyal
3609.0,219,3,681.02,2,3,3,8,Potential
3610.0,151,2,534.03,3,2,2,7,Potential
3611.0,343,1,282.95,1,1,1,3,Lost
3613.0,510,3,769.6700000000001,1,3,3,7,Potential
3614.0,576,2,57.910000000000004,1,2,1,4,At Risk
3615.0,143,2,299.54999999999995,3,2,1,6,At Risk
3616.0,657,1,63.3,1,1,1,3,Lost
3617.0,19,6,2477.5,5,5,5,15,VIP Champions
3618.0,8,72,27920.86,5,5,5,15,VIP Champions
3619.0,184,5,733.9,3,5,3,11,Loyal
3620.0,414,2,798.6700000000001,1,2,3,6,At Risk
3621.0,628,2,1308.86,1,2,4,7,Potential
3622.0,185,4,2020.6399999999999,3,4,5,12,Loyal
3624.0,207,4,1388.1200000000001,2,4,4,10,Loyal
3626.0,38,6,1278.49,5,5,4,14,VIP Champions
3627.0,56,4,1330.54,5,4,4,13,VIP Champions
3628.0,500,3,1513.16,1,3,5,9,Potential
3629.0,2,5,1411.02,5,5,4,14,VIP Champions
3630.0,396,1,222.1,1,1,1,3,Lost
3631.0,47,3,366.47,5,3,2,10,Loyal
3632.0,47,4,1405.85,5,4,4,13,VIP Champions
3633.0,101,7,1669.56,4,5,5,14,VIP Champions
3634.0,13,1,552.4,5,1,2,8,Potential
3636.0,639,2,990.16,1,2,4,7,Potential
3637.0,317,4,731.8299999999999,2,4,3,9,Potential
3638.0,72,6,2214.42,4,5,5,14,VIP Champions
3640.0,12,2,1013.8599999999999,5,2,4,11,Loyal
3641.0,181,2,576.48,3,2,2,7,Potential
3642.0,453,2,399.36,1,2,2,5,At Risk
3643.0,141,7,3559.9,3,5,5,13,VIP Champions
3644.0,38,7,2464.95,5,5,5,15,VIP Champions
3645.0,217,2,365.19,2,2,2,6,At Risk
3646.0,596,2,267.54,1,2,1,4,At Risk
3647.0,154,4,886.15,3,4,3,10,Loyal
3648.0,9,72,22942.420000000002,5,5,5,15,VIP Champions
3649.0,192,5,950.21,3,5,3,11,Loyal
3650.0,287,3,564.29,2,3,2,7,Potential
3651.0,118,2,410.20000000000005,4,2,2,8,Potential
3654.0,12,6,1036.42,5,5,4,14,VIP Champions
3655.0,607,3,912.9,1,3,3,7,Potential
3656.0,328,3,842.59,2,3,3,8,Potential
3657.0,192,4,688.61,3,4,3,10,Loyal
3659.0,220,3,334.7,2,3,1,6,At Risk
3660.0,99,3,970.67,4,3,4,11,Loyal
3661.0,122,5,2426.1800000000003,4,5,5,14,VIP Champions
3662.0,165,1,121.51,3,1,1,5,At Risk
3663.0,50,2,268.57,5,2,1,8,Potential
3664.0,301,3,222.23000000000002,2,3,1,6,At Risk
3665.0,80,3,625.0,4,3,2,9,Potential
3666.0,63,5,1859.09,4,5,5,14,VIP Champions
3668.0,315,4,904.38,2,4,3,9,Potential
3669.0,591,3,1171.03,1,3,4,8,Potential
3672.0,402,7,1534.1599999999999,1,5,5,11,Loyal
3673.0,144,2,438.65,3,2,2,7,Potential
3674.0,159,2,427.51,3,2,2,7,Potential
3675.0,208,4,831.4,2,4,3,9,Potential
3676.0,268,3,1770.79,2,3,5,10,Loyal
3677.0,9,1,250.72,5,1,1,7,Potential
3678.0,117,1,219.38,4,1,1,6,At Risk
3679.0,67,2,417.82000000000005,4,2,2,8,Potential
3680.0,233,3,1102.87,2,3,4,9,Potential
3681.0,17,11,2287.75,5,5,5,15,VIP Champions
3684.0,63,4,1007.31,4,4,4,12,Loyal
3685.0,256,4,1220.67,2,4,4,10,Loyal
3686.0,196,3,639.24,3,3,3,9,Potential
3687.0,32,4,901.07,5,4,3,12,Loyal
3688.0,238,5,857.21,2,5,3,10,Loyal
3689.0,390,3,583.4,1,3,2,6,At Risk
3690.0,126,1,501.69,3,1,2,6,At Risk
3691.0,75,1,259.23,4,1,1,6,At Risk
3692.0,46,8,3293.95,5,5,5,15,VIP Champions
3693.0,291,2,649.21,2,2,3,7,Potential
3694.0,53,1,279.43,5,1,1,7,Potential
3695.0,339,4,1108.38,1,4,4,9,Potential
3696.0,467,5,2980.9,1,5,5,11,Loyal
3697.0,365,2,557.38,1,2,2,5,At Risk
3698.0,361,4,802.21,1,4,3,8,Potential
3699.0,135,10,4522.92,3,5,5,13,VIP Champions
3700.0,30,2,1088.92,5,2,4,11,Loyal
3701.0,712,2,352.5,1,2,2,5,At Risk
3702.0,167,3,584.85,3,3,2,8,Potential
3703.0,539,2,1426.28,1,2,5,8,Potential
3704.0,54,1,68.08,5,1,1,7,Potential
3705.0,109,2,250.0,4,2,1,7,Potential
3706.0,68,1,566.48,4,1,2,7,Potential
3707.0,7,3,942.25,5,3,3,11,Loyal
3708.0,604,1,347.16,1,1,2,4,At Risk
3709.0,108,6,1147.6399999999999,4,5,4,13,VIP Champions
3710.0,55,6,2116.89,5,5,5,15,VIP Champions
3711.0,83,6,1103.25,4,5,4,13,VIP Champions
3712.0,127,2,669.38,3,2,3,8,Potential
3713.0,43,5,864.69,5,5,3,13,VIP Champions
3714.0,209,4,1063.92,2,4,4,10,Loyal
3715.0,55,1,552.4,5,1,2,8,Potential
3716.0,147,5,1781.36,3,5,5,13,VIP Champions
3718.0,57,7,1321.25,5,5,4,14,VIP Champions
3719.0,194,5,1579.77,3,5,5,13,VIP Champions
3720.0,251,5,2158.81,2,5,5,12,Loyal
3721.0,175,3,1564.98,3,3,5,11,Loyal
3722.0,29,62,20317.81,5,5,5,15,VIP Champions
3723.0,196,4,913.6,3,4,3,10,Loyal
3724.0,250,1,26.62,2,1,1,4,At Risk
3726.0,550,2,742.1800000000001,1,2,3,6,At Risk
3728.0,105,3,251.67,4,3,1,8,Potential
3729.0,455,2,280.56,1,2,1,4,At Risk
3730.0,514,2,1085.9,1,2,4,7,Potential
3732.0,8,5,2681.42,5,5,5,15,VIP Champions
3733.0,407,1,106.82,1,1,1,3,Lost
3734.0,105,4,2087.25,4,4,5,13,VIP Champions
3735.0,358,4,1460.03,1,4,5,10,Loyal
3737.0,52,6,2105.1,5,5,5,15,VIP Champions
3738.0,101,2,333.19,4,2,1,7,Potential
3740.0,29,2,422.51,5,2,2,9,Potential
3741.0,17,2,978.99,5,2,4,11,Loyal
3742.0,153,1,67.75,3,1,1,5,At Risk
3743.0,122,3,747.37,4,3,3,10,Loyal
3744.0,162,3,691.0999999999999,3,3,3,9,Potential
3745.0,294,5,2399.3,2,5,5,12,Loyal
3746.0,136,6,1531.35,3,5,5,13,VIP Champions
3748.0,378,3,609.19,1,3,2,6,At Risk
3750.0,66,4,1041.73,4,4,4,12,Loyal
3751.0,230,4,2235.34,2,4,5,11,Loyal
3752.0,295,3,632.27,2,3,3,8,Potential
3754.0,370,2,610.8,1,2,2,5,At Risk
3755.0,26,5,848.9200000000001,5,5,3,13,VIP Champions
3756.0,699,2,245.24,1,2,1,4,At Risk
3758.0,185,4,862.5,3,4,3,10,Loyal
3759.0,177,4,1778.05,3,4,5,12,Loyal
3760.0,104,5,1122.1399999999999,4,5,4,13,VIP Champions
3761.0,389,2,233.06,1,2,1,4,At Risk
3762.0,229,2,474.25,2,2,2,6,At Risk
3763.0,646,1,183.4,1,1,1,3,Lost
3764.0,71,4,1060.04,4,4,4,12,Loyal
3765.0,130,3,1264.42,3,3,4,10,Loyal
3766.0,152,3,561.19,3,3,2,8,Potential
3767.0,197,3,1133.38,3,3,4,10,Loyal
3768.0,99,4,947.22,4,4,3,11,Loyal
3769.0,431,2,429.15,1,2,2,5,At Risk
3770.0,354,3,1475.3899999999999,1,3,5,9,Potential
3771.0,48,3,527.48,5,3,2,10,Loyal
3772.0,291,2,182.4,2,2,1,5,At Risk
3773.0,14,4,960.95,5,4,4,13,VIP Champions
3774.0,122,1,270.69,4,1,1,6,At Risk
3775.0,80,6,2211.61,4,5,5,14,VIP Champions
3777.0,353,3,577.83,1,3,2,6,At Risk
3778.0,187,1,176.65,3,1,1,5,At Risk
3779.0,176,1,247.28,3,1,1,5,At Risk
3780.0,48,4,942.1700000000001,5,4,3,12,Loyal
3781.0,80,1,1635.35,4,1,5,10,Loyal
3782.0,2,4,2350.16,5,4,5,14,VIP Champions
3783.0,55,2,369.3,5,2,2,9,Potential
3784.0,150,6,1393.79,3,5,4,12,Loyal
3785.0,452,1,271.98,1,1,1,3,Lost
3787.0,200,5,648.02,3,5,3,11,Loyal
3788.0,180,6,1052.41,3,5,4,12,Loyal
3789.0,337,3,899.0,1,3,3,7,Potential
3790.0,239,2,659.57,2,2,3,7,Potential
3791.0,660,1,154.71,1,1,1,3,Lost
3792.0,162,2,393.52,3,2,2,7,Potential
3793.0,16,5,763.36,5,5,3,13,VIP Champions
3794.0,203,2,938.4000000000001,3,2,3,8,Potential
3795.0,479,2,701.22,1,2,3,6,At Risk
3796.0,213,1,221.4,2,1,1,4,At Risk
3797.0,182,1,127.24,3,1,1,5,At Risk
3798.0,175,2,452.13,3,2,2,7,Potential
3799.0,268,2,884.2,2,2,3,7,Potential
3802.0,421,1,106.21,1,1,1,3,Lost
3803.0,320,4,1470.68,2,4,5,11,Loyal
3804.0,37,4,1280.74,5,4,4,13,VIP Champions
3805.0,537,2,1469.26,1,2,5,8,Potential
3806.0,173,2,97.11,3,2,1,6,At Risk
3808.0,516,1,282.95,1,1,1,3,Lost
3809.0,331,4,940.48,1,4,3,8,Potential
3810.0,12,55,18110.41,5,5,5,15,VIP Champions
3811.0,52,2,276.98,5,2,1,8,Potential
3812.0,201,3,485.12,3,3,2,8,Potential
3813.0,118,2,463.69,4,2,2,8,Potential
3814.0,67,2,1008.69,4,2,4,10,Loyal
3815.0,59,5,840.29,5,5,3,13,VIP Champions
3816.0,67,2,323.98,4,2,1,7,Potential
3817.0,173,4,2063.73,3,4,5,12,Loyal
3818.0,132,4,912.51,3,4,3,10,Loyal
3819.0,124,1,401.6,3,1,2,6,At Risk
3820.0,269,3,281.36,2,3,1,6,At Risk
3821.0,267,1,437.98,2,1,2,5,At Risk
3822.0,129,1,286.17,3,1,1,5,At Risk
3824.0,378,2,859.08,1,2,3,6,At Risk
3825.0,282,3,1074.03,2,3,4,9,Potential
3826.0,49,4,1042.3,5,4,4,13,VIP Champions
3827.0,244,2,515.0799999999999,2,2,2,6,At Risk
3828.0,19,5,1443.54,5,5,5,15,VIP Champions
3829.0,138,4,795.5699999999999,3,4,3,10,Loyal
3830.0,532,1,789.39,1,1,3,5,At Risk
3831.0,112,4,1148.6200000000001,4,4,4,12,Loyal
3832.0,255,3,662.36,2,3,3,8,Potential
3833.0,89,5,1002.33,4,5,4,13,VIP Champions
3834.0,51,3,1298.94,5,3,4,12,Loyal
3835.0,37,2,377.45000000000005,5,2,2,9,Potential
3836.0,328,2,346.36,2,2,1,5,At Risk
3837.0,583,4,1170.95,1,4,4,9,Potential
3838.0,392,1,216.18,1,1,1,3,Lost
3839.0,5,4,775.9300000000001,5,4,3,12,Loyal
3840.0,54,4,1178.0,5,4,4,13,VIP Champions
3841.0,217,3,692.4200000000001,2,3,3,8,Potential
3842.0,59,2,370.93,5,2,2,9,Potential
3843.0,110,7,3266.7799999999997,4,5,5,14,VIP Champions
3845.0,484,2,511.63,1,2,2,5,At Risk
3846.0,275,3,1661.3700000000001,2,3,5,10,Loyal
3847.0,307,2,978.77,2,2,4,8,Potential
3848.0,106,4,677.93,4,4,3,11,Loyal
3849.0,502,4,944.63,1,4,3,8,Potential
3850.0,189,3,770.39,3,3,3,9,Potential
3851.0,106,6,1245.8500000000001,4,5,4,13,VIP Champions
3852.0,113,7,2740.79,4,5,5,14,VIP Champions
3853.0,214,2,1129.28,2,2,4,8,Potential
3854.0,311,3,1255.26,2,3,4,9,Potential
3855.0,196,2,534.3199999999999,3,2,2,7,Potential
3856.0,134,6,1753.12,3,5,5,13,VIP Champions
3857.0,89,3,1805.5299999999997,4,3,5,12,Loyal
3858.0,79,2,292.34999999999997,4,2,1,7,Potential
3859.0,458,2,345.1,1,2,1,4,At Risk
3861.0,67,5,1503.6200000000001,4,5,5,14,VIP Champions
3862.0,155,2,532.04,3,2,2,7,Potential
3863.0,101,2,937.3299999999999,4,2,3,9,Potential
3864.0,587,1,208.11,1,1,1,3,Lost
3865.0,474,3,1009.28,1,3,4,8,Potential
3866.0,325,1,50.85,2,1,1,4,At Risk
3867.0,188,5,2021.71,3,5,5,13,VIP Champions
3868.0,23,7,1294.08,5,5,4,14,VIP Champions
3869.0,232,3,1138.22,2,3,4,9,Potential
3870.0,148,3,1078.3200000000002,3,3,4,10,Loyal
3872.0,548,4,1418.5900000000001,1,4,4,9,Potential
3873.0,127,2,153.74,3,2,1,6,At Risk
3874.0,69,2,273.1,4,2,1,7,Potential
3875.0,260,4,814.17,2,4,3,9,Potential
3876.0,32,5,686.03,5,5,3,13,VIP Champions
3877.0,478,1,160.91,1,1,1,3,Lost
3878.0,3,2,158.21,5,2,1,8,Potential
3879.0,11,5,1554.46,5,5,5,15,VIP Champions
3880.0,359,3,1095.83,1,3,4,8,Potential
3881.0,220,2,473.28,2,2,2,6,At Risk
3882.0,82,5,2136.75,4,5,5,14,VIP Champions
3883.0,663,3,675.81,1,3,3,7,Potential
3884.0,109,3,1286.71,4,3,4,11,Loyal
3885.0,350,3,480.0,1,3,2,6,At Risk
3886.0,85,4,1754.03,4,4,5,13,VIP Champions
3887.0,77,2,547.36,4,2,2,8,Potential
3890.0,65,2,844.8600000000001,4,2,3,9,Potential
3891.0,69,5,433.03999999999996,4,5,2,11,Loyal
3893.0,19,2,591.1899999999999,5,2,2,9,Potential
3894.0,479,2,172.84,1,2,1,4,At Risk
3895.0,195,6,1409.1100000000001,3,5,4,12,Loyal
3896.0,351,2,479.31,1,2,2,5,At Risk
3897.0,208,4,1285.71,2,4,4,10,Loyal
3898.0,306,5,2020.0500000000002,2,5,5,12,Loyal
3899.0,28,8,2655.03,5,5,5,15,VIP Champions
3903.0,55,3,703.03,5,3,3,11,Loyal
3904.0,260,2,752.47,2,2,3,7,Potential
3905.0,137,3,1262.6599999999999,3,3,4,10,Loyal
3906.0,263,3,548.84,2,3,2,7,Potential
3907.0,240,1,257.32,2,1,1,4,At Risk
3908.0,277,1,338.04,2,1,1,4,At Risk
3909.0,41,1,282.29,5,1,1,7,Potential
3911.0,140,3,783.44,3,3,3,9,Potential
3912.0,204,1,218.99,3,1,1,5,At Risk
3913.0,97,2,1187.57,4,2,4,10,Loyal
3914.0,192,3,535.86,3,3,2,8,Potential
3915.0,124,3,487.25,3,3,2,8,Potential
3916.0,107,1,208.15,4,1,1,6,At Risk
3919.0,176,4,712.53,3,4,3,10,Loyal
3921.0,74,5,1141.7,4,5,4,13,VIP Champions
3922.0,226,1,566.48,2,1,2,5,At Risk
3923.0,259,2,767.01,2,2,3,7,Potential
3924.0,28,5,1618.86,5,5,5,15,VIP Champions
3925.0,195,3,834.11,3,3,3,9,Potential
3927.0,657,1,140.02,1,1,1,3,Lost
3928.0,31,6,1492.46,5,5,5,15,VIP Champions
3930.0,112,3,569.29,4,3,2,9,Potential
3931.0,572,1,167.23,1,1,1,3,Lost
3932.0,254,2,429.89,2,2,2,6,At Risk
3934.0,148,2,757.46,3,2,3,8,Potential
3935.0,75,5,1455.83,4,5,5,14,VIP Champions
3936.0,265,1,519.38,2,1,2,5,At Risk
3937.0,479,3,478.31000000000006,1,3,2,6,At Risk
3939.0,193,7,2340.85,3,5,5,13,VIP Champions
3941.0,327,1,685.32,2,1,3,6,At Risk
3942.0,44,3,1441.9299999999998,5,3,5,13,VIP Champions
3943.0,61,3,800.08,5,3,3,11,Loyal
3944.0,130,4,1724.1599999999999,3,4,5,12,Loyal
3945.0,288,3,2169.01,2,3,5,10,Loyal
3946.0,197,4,1275.29,3,4,4,11,Loyal
3947.0,112,1,72.73,4,1,1,6,At Risk
3948.0,704,1,152.13,1,1,1,3,Lost
3949.0,310,4,1040.09,2,4,4,10,Loyal
3950.0,137,2,992.2,3,2,4,9,Potential
3952.0,262,4,407.75,2,4,2,8,Potential
3953.0,424,6,1009.51,1,5,4,10,Loyal
3954.0,20,3,761.28,5,3,3,11,Loyal
3956.0,350,3,1346.6799999999998,1,3,4,8,Potential
3957.0,272,6,2598.19,2,5,5,12,Loyal
3958.0,104,6,1182.64,4,5,4,13,VIP Champions
3959.0,84,4,1105.7,4,4,4,12,Loyal
3961.0,10,2,773.5699999999999,5,2,3,10,Loyal
3962.0,341,1,49.08,1,1,1,3,Lost
3963.0,289,2,373.44000000000005,2,2,2,6,At Risk
3964.0,564,1,305.7,1,1,1,3,Lost
3965.0,341,1,190.78,1,1,1,3,Lost
3966.0,55,3,1516.9,5,3,5,13,VIP Champions
3967.0,145,1,135.99,3,1,1,5,At Risk
3969.0,604,3,442.41999999999996,1,3,2,6,At Risk
3970.0,480,4,1150.28,1,4,4,9,Potential
3971.0,203,3,928.6100000000001,3,3,3,9,Potential
3972.0,400,5,1154.51,1,5,4,10,Loyal
3973.0,84,2,388.42,4,2,2,8,Potential
3974.0,60,4,444.16999999999996,5,4,2,11,Loyal
3975.0,347,3,366.49,1,3,2,6,At Risk
3978.0,214,1,241.18,2,1,1,4,At Risk
3979.0,163,2,222.2,3,2,1,6,At Risk
3981.0,155,4,674.45,3,4,3,10,Loyal
3982.0,22,4,654.24,5,4,3,12,Loyal
3984.0,274,6,802.88,2,5,3,10,Loyal
3985.0,293,4,599.65,2,4,2,8,Potential
3986.0,57,1,130.73,5,1,1,7,Potential
3987.0,482,2,588.61,1,2,2,5,At Risk
3988.0,14,2,584.0600000000001,5,2,2,9,Potential
3990.0,62,4,1865.7,4,4,5,13,VIP Champions
3991.0,76,2,677.1,4,2,3,9,Potential
3992.0,54,3,711.5999999999999,5,3,3,11,Loyal
3993.0,324,4,573.1500000000001,2,4,2,8,Potential
3994.0,137,3,1750.35,3,3,5,11,Loyal
3995.0,27,6,1463.4099999999999,5,5,5,15,VIP Champions
3996.0,15,5,1081.45,5,5,4,14,VIP Champions
3997.0,90,3,1247.3700000000001,4,3,4,11,Loyal
3998.0,210,2,880.48,2,2,3,7,Potential
3999.0,348,1,298.94,1,1,1,3,Lost
4000.0,152,3,382.69,3,3,2,8,Potential
4001.0,234,3,852.1600000000001,2,3,3,8,Potential
4002.0,430,3,515.64,1,3,2,6,At Risk
4003.0,29,4,531.27,5,4,2,11,Loyal
4004.0,150,5,2372.29,3,5,5,13,VIP Champions
4005.0,18,1,166.27,5,1,1,7,Potential
4006.0,545,5,1385.4299999999998,1,5,4,10,Loyal
4007.0,288,1,385.11,2,1,2,5,At Risk
4008.0,739,1,695.68,1,1,3,5,At Risk
4009.0,207,4,978.93,2,4,4,10,Loyal
4010.0,11,5,1893.77,5,5,5,15,VIP Champions
4011.0,13,5,2302.81,5,5,5,15,VIP Champions
4012.0,64,3,1636.68,4,3,5,12,Loyal
4013.0,611,1,246.97,1,1,1,3,Lost
4014.0,110,5,1549.67,4,5,5,14,VIP Champions
4015.0,48,2,390.78000000000003,5,2,2,9,Potential
4016.0,199,1,152.13,3,1,1,5,At Risk
4017.0,396,2,417.69,1,2,2,5,At Risk
4018.0,18,58,17149.84,5,5,5,15,VIP Champions
4021.0,569,1,332.55,1,1,1,3,Lost
4023.0,87,6,1194.87,4,5,4,13,VIP Champions
4024.0,145,12,3842.3,3,5,5,13,VIP Champions
4025.0,655,1,713.14,1,1,3,5,At Risk
4027.0,155,5,1561.03,3,5,5,13,VIP Champions
4028.0,140,2,559.0,3,2,2,7,Potential
4029.0,46,4,667.76,5,4,3,12,Loyal
4030.0,634,1,51.58,1,1,1,3,Lost
4031.0,628,1,167.23,1,1,1,3,Lost
4032.0,411,4,1308.42,1,4,4,9,Potential
4033.0,113,3,1192.41,4,3,4,11,Loyal
4034.0,648,1,274.78,1,1,1,3,Lost
4035.0,179,2,522.22,3,2,2,7,Potential
4036.0,189,4,683.29,3,4,3,10,Loyal
4037.0,293,1,145.46,2,1,1,4,At Risk
4038.0,72,5,2387.34,4,5,5,14,VIP Champions
4039.0,385,3,1207.37,1,3,4,8,Potential
4040.0,115,4,850.11,4,4,3,11,Loyal
4041.0,465,1,311.68,1,1,1,3,Lost
4042.0,89,1,153.62,4,1,1,6,At Risk
4043.0,69,4,1783.84,4,4,5,13,VIP Champions
4044.0,154,6,1087.12,3,5,4,12,Loyal
4045.0,204,7,2197.05,3,5,5,13,VIP Champions
4046.0,9,2,592.39,5,2,2,9,Potential
4047.0,145,2,140.01999999999998,3,2,1,6,At Risk
4048.0,530,2,839.56,1,2,3,6,At Risk
4050.0,62,3,1411.55,4,3,4,11,Loyal
4051.0,6,1,317.88,5,1,1,7,Potential
4053.0,54,3,2037.1100000000001,5,3,5,13,VIP Champions
4054.0,236,5,1277.72,2,5,4,11,Loyal
4055.0,143,5,997.52,3,5,4,12,Loyal
4056.0,314,2,139.27,2,2,1,5,At Risk
4057.0,467,2,627.97,1,2,2,5,At Risk
4058.0,326,3,613.21,2,3,2,7,Potential
4059.0,151,3,415.17,3,3,2,8,Potential
4060.0,230,2,285.56,2,2,1,5,At Risk
4063.0,436,2,1115.91,1,2,4,7,Potential
4064.0,244,2,647.83,2,2,3,7,Potential
4065.0,398,2,168.61,1,2,1,4,At Risk
4066.0,229,2,1205.43,2,2,4,8,Potential
4067.0,191,1,337.64,3,1,1,5,At Risk
4069.0,19,3,497.29,5,3,2,10,Loyal
4070.0,240,6,1225.02,2,5,4,11,Loyal
4071.0,120,2,332.28,4,2,1,7,Potential
4072.0,200,2,590.7,3,2,2,7,Potential
4073.0,577,2,102.28999999999999,1,2,1,4,At Risk
4074.0,42,2,603.76,5,2,2,9,Potential
4075.0,621,2,657.83,1,2,3,6,At Risk
4076.0,60,10,4471.93,5,5,5,15,VIP Champions
4077.0,143,3,453.27,3,3,2,8,Potential
4078.0,494,3,334.75,1,3,1,5,At Risk
4079.0,590,1,201.86,1,1,1,3,Lost
4080.0,76,4,1222.27,4,4,4,12,Loyal
4081.0,25,3,447.08,5,3,2,10,Loyal
4082.0,32,5,1246.99,5,5,4,14,VIP Champions
4083.0,556,3,349.97,1,3,2,6,At Risk
4085.0,440,3,543.0,1,3,2,6,At Risk
4086.0,13,3,1000.06,5,3,4,12,Loyal
4087.0,54,3,1356.8300000000002,5,3,4,12,Loyal
4088.0,461,4,870.08,1,4,3,8,Potential
4089.0,582,1,62.56,1,1,1,3,Lost
4090.0,101,2,397.38,4,2,2,8,Potential
4095.0,26,1,327.06,5,1,1,7,Potential
4096.0,495,3,292.57,1,3,1,5,At Risk
4097.0,550,2,496.8,1,2,2,5,At Risk
4098.0,293,1,617.68,2,1,2,5,At Risk
4099.0,553,1,443.78,1,1,2,4,At Risk
4100.0,284,5,1206.47,2,5,4,11,Loyal
4102.0,19,3,1005.5600000000001,5,3,4,12,Loyal
4103.0,100,3,315.49,4,3,1,8,Potential
4104.0,207,1,114.16,2,1,1,4,At Risk
4105.0,39,5,1108.15,5,5,4,14,VIP Champions
4106.0,520,2,647.02,1,2,3,6,At Risk
4107.0,193,3,405.76,3,3,2,8,Potential
4108.0,307,2,328.35,2,2,1,5,At Risk
4111.0,174,1,292.61,3,1,1,5,At Risk
4113.0,117,3,570.54,4,3,2,9,Potential
4114.0,77,4,631.71,4,4,3,11,Loyal
4115.0,25,7,2521.85,5,5,5,15,VIP Champions
4116.0,298,2,284.83000000000004,2,2,1,5,At Risk
4117.0,425,1,299.1,1,1,1,3,Lost
4118.0,64,1,221.89,4,1,1,6,At Risk
4119.0,61,7,1938.78,5,5,5,15,VIP Champions
4120.0,349,5,1606.04,1,5,5,11,Loyal
4122.0,32,3,470.3,5,3,2,10,Loyal
4124.0,469,1,60.37,1,1,1,3,Lost
4125.0,381,1,279.43,1,1,1,3,Lost
4127.0,28,5,1871.99,5,5,5,15,VIP Champions
4129.0,325,4,660.72,2,4,3,9,Potential
4130.0,5,2,784.25,5,2,3,10,Loyal
4131.0,299,2,296.3,2,2,1,5,At Risk
4132.0,36,4,1804.3,5,4,5,14,VIP Champions
4133.0,126,3,993.72,3,3,4,10,Loyal
4134.0,248,1,74.7,2,1,1,4,At Risk
4135.0,255,2,1198.47,2,2,4,8,Potential
4136.0,325,2,535.48,2,2,2,6,At Risk
4137.0,306,3,1048.65,2,3,4,9,Potential
4138.0,319,4,637.64,2,4,3,9,Potential
4139.0,11,2,259.76,5,2,1,8,Potential
4140.0,332,2,588.63,1,2,2,5,At Risk
4141.0,187,5,1925.8600000000001,3,5,5,13,VIP Champions
4142.0,92,2,1189.47,4,2,4,10,Loyal
4144.0,169,6,2084.28,3,5,5,13,VIP Champions
4145.0,105,4,922.89,4,4,3,11,Loyal
4146.0,578,3,1505.4,1,3,5,9,Potential
4147.0,441,1,368.14,1,1,2,4,At Risk
4148.0,62,1,125.98,4,1,1,6,At Risk
4149.0,29,5,1963.82,5,5,5,15,VIP Champions
4150.0,255,6,1063.21,2,5,4,11,Loyal
4151.0,589,1,53.24,1,1,1,3,Lost
4153.0,78,2,532.05,4,2,2,8,Potential
4155.0,22,2,866.84,5,2,3,10,Loyal
4156.0,9,2,581.7,5,2,2,9,Potential
4157.0,207,3,1727.42,2,3,5,10,Loyal
4158.0,149,3,1170.0500000000002,3,3,4,10,Loyal
4159.0,285,1,171.33,2,1,1,4,At Risk
4160.0,42,7,3559.3900000000003,5,5,5,15,VIP Champions
4161.0,144,1,430.26,3,1,2,6,At Risk
4162.0,121,1,140.02,4,1,1,6,At Risk
4163.0,48,1,257.32,5,1,1,7,Potential
4164.0,295,4,1441.99,2,4,5,11,Loyal
4166.0,163,4,468.20000000000005,3,4,2,9,Potential
4167.0,473,6,1475.97,1,5,5,11,Loyal
4168.0,30,2,927.11,5,2,3,10,Loyal
4169.0,85,2,531.77,4,2,2,8,Potential
4170.0,300,2,288.0,2,2,1,5,At Risk
4171.0,177,2,581.2,3,2,2,7,Potential
4173.0,209,3,715.9,2,3,3,8,Potential
4174.0,63,4,557.84,4,4,2,10,Loyal
4175.0,427,3,831.13,1,3,3,7,Potential
4176.0,123,6,2828.68,3,5,5,13,VIP Champions
4177.0,78,6,753.47,4,5,3,12,Loyal
4178.0,14,65,19295.32,5,5,5,15,VIP Champions
4179.0,331,2,814.85,1,2,3,6,At Risk
4180.0,187,1,167.94,3,1,1,5,At Risk
4181.0,381,2,275.73,1,2,1,4,At Risk
4182.0,516,1,642.2,1,1,3,5,At Risk
4184.0,298,4,1482.3600000000001,2,4,5,11,Loyal
4185.0,36,2,1327.98,5,2,4,11,Loyal
4186.0,638,1,83.97,1,1,1,3,Lost
4187.0,85,1,204.87,4,1,1,6,At Risk
4188.0,221,2,585.72,2,2,2,6,At Risk
4189.0,70,1,626.16,4,1,2,7,Potential
4190.0,86,4,2048.3199999999997,4,4,5,13,VIP Champions
4191.0,195,6,1680.43,3,5,5,13,VIP Champions
4192.0,149,3,687.69,3,3,3,9,Potential
4193.0,444,4,546.73,1,4,2,7,Potential
4194.0,249,3,2013.4,2,3,5,10,Loyal
4195.0,10,3,644.88,5,3,3,11,Loyal
4196.0,60,2,826.63,5,2,3,10,Loyal
4198.0,78,5,2021.9900000000002,4,5,5,14,VIP Champions
4199.0,3,1,503.04,5,1,2,8,Potential
4200.0,92,3,504.03,4,3,2,9,Potential
4201.0,8,2,187.12,5,2,1,8,Potential
4202.0,265,1,296.4,2,1,1,4,At Risk
4203.0,160,3,1080.4499999999998,3,3,4,10,Loyal
4205.0,351,7,2524.59,1,5,5,11,Loyal
4206.0,1,69,21916.75,5,5,5,15,VIP Champions
4207.0,106,6,2079.9,4,5,5,14,VIP Champions
4208.0,245,2,345.79,2,2,1,5,At Risk
4209.0,240,1,416.7,2,1,2,5,At Risk
4210.0,72,5,1042.96,4,5,4,13,VIP Champions
4212.0,42,8,1446.04,5,5,5,15,VIP Champions
4213.0,223,3,755.1700000000001,2,3,3,8,Potential
4214.0,277,2,443.45,2,2,2,6,At Risk
4215.0,645,1,509.85,1,1,2,4,At Risk
4217.0,419,4,2216.37,1,4,5,10,Loyal
4218.0,243,2,524.5699999999999,2,2,2,6,At Risk
4219.0,222,4,983.3900000000001,2,4,4,10,Loyal
4220.0,9,6,1970.4199999999998,5,5,5,15,VIP Champions
4221.0,247,4,1059.47,2,4,4,10,Loyal
4222.0,140,1,573.68,3,1,2,6,At Risk
4224.0,352,2,304.61,1,2,1,4,At Risk
4226.0,449,2,855.58,1,2,3,6,At Risk
4227.0,85,4,1874.6599999999999,4,4,5,13,VIP Champions
4229.0,207,7,3434.64,2,5,5,12,Loyal
4230.0,81,6,2328.05,4,5,5,14,VIP Champions
4232.0,16,5,1052.07,5,5,4,14,VIP Champions
4234.0,422,3,722.0699999999999,1,3,3,7,Potential
4235.0,117,3,673.1600000000001,4,3,3,10,Loyal
4238.0,191,3,1388.06,3,3,4,10,Loyal
4239.0,567,5,993.57,1,5,4,10,Loyal
4240.0,30,3,796.53,5,3,3,11,Loyal
4241.0,735,1,169.08,1,1,1,3,Lost
4242.0,130,4,1363.81,3,4,4,11,Loyal
4243.0,210,4,1041.03,2,4,4,10,Loyal
4244.0,709,2,585.4300000000001,1,2,2,5,At Risk
4245.0,134,7,2097.78,3,5,5,13,VIP Champions
4246.0,255,1,90.8,2,1,1,4,At Risk
4248.0,141,2,1093.44,3,2,4,9,Potential
4249.0,272,3,838.5600000000001,2,3,3,8,Potential
4250.0,9,1,55.04,5,1,1,7,Potential
4251.0,233,3,899.26,2,3,3,8,Potential
4252.0,156,3,816.89,3,3,3,9,Potential
4253.0,20,2,588.85,5,2,2,9,Potential
4254.0,238,1,269.88,2,1,1,4,At Risk
4255.0,336,4,2594.2699999999995,1,4,5,10,Loyal
4256.0,69,2,1033.56,4,2,4,10,Loyal
4257.0,121,1,602.31,4,1,2,7,Potential
4258.0,314,2,518.63,2,2,2,6,At Risk
4259.0,220,10,2546.41,2,5,5,12,Loyal
4260.0,98,6,864.75,4,5,3,12,Loyal
4261.0,174,6,1873.04,3,5,5,13,VIP Champions
4262.0,265,2,362.97,2,2,2,6,At Risk
4263.0,101,4,610.0699999999999,4,4,2,10,Loyal
4264.0,151,3,373.31,3,3,2,8,Potential
4265.0,357,2,212.82,1,2,1,4,At Risk
4266.0,390,4,1243.03,1,4,4,9,Potential
4267.0,80,1,50.77,4,1,1,6,At Risk
4268.0,501,1,408.9,1,1,2,4,At Risk
4269.0,97,4,957.55,4,4,4,12,Loyal
4270.0,11,4,750.7,5,4,3,12,Loyal
4271.0,607,2,1136.38,1,2,4,7,Potential
4273.0,184,1,234.99,3,1,1,5,At Risk
4274.0,197,4,668.22,3,4,3,10,Loyal
4276.0,167,3,492.54,3,3,2,8,Potential
4277.0,8,3,857.0300000000001,5,3,3,11,Loyal
4279.0,256,4,1036.5700000000002,2,4,4,10,Loyal
4280.0,21,4,1305.22,5,4,4,13,VIP Champions
4281.0,539,2,107.63,1,2,1,4,At Risk
4282.0,26,1,269.88,5,1,1,7,Potential
4283.0,22,2,253.36,5,2,1,8,Potential
4284.0,56,3,492.91999999999996,5,3,2,10,Loyal
4285.0,254,3,896.4,2,3,3,8,Potential
4286.0,180,7,3708.37,3,5,5,13,VIP Champions
4287.0,549,3,1080.91,1,3,4,8,Potential
4288.0,86,6,2384.6899999999996,4,5,5,14,VIP Champions
4290.0,34,2,472.33,5,2,2,9,Potential
4291.0,330,3,347.43,1,3,2,6,At Risk
4292.0,83,2,462.1,4,2,2,8,Potential
4293.0,74,4,1719.52,4,4,5,13,VIP Champions
4294.0,75,8,1781.05,4,5,5,14,VIP Champions
4295.0,61,3,283.67,5,3,1,9,Potential
4297.0,10,2,1000.3600000000001,5,2,4,11,Loyal
4299.0,462,1,615.66,1,1,2,4,At Risk
4300.0,274,1,219.19,2,1,1,4,At Risk
4301.0,106,4,326.55,4,4,1,9,Potential
4303.0,217,1,31.65,2,1,1,4,At Risk
4304.0,118,2,1383.0600000000002,4,2,4,10,Loyal
4306.0,413,1,290.32,1,1,1,3,Lost
4307.0,99,5,1797.99,4,5,5,14,VIP Champions
4308.0,444,2,568.46,1,2,2,5,At Risk
4309.0,389,2,254.12,1,2,1,4,At Risk
4310.0,143,6,1215.88,3,5,4,12,Loyal
4311.0,111,4,1425.02,4,4,5,13,VIP Champions
4312.0,150,8,1828.48,3,5,5,13,VIP Champions
4313.0,638,1,121.51,1,1,1,3,Lost
4314.0,34,7,1953.47,5,5,5,15,VIP Champions
4315.0,335,3,932.3100000000001,1,3,3,7,Potential
4316.0,87,6,1419.96,4,5,4,13,VIP Champions
4317.0,81,5,1171.29,4,5,4,13,VIP Champions
4318.0,159,2,518.5,3,2,2,7,Potential
4319.0,357,3,792.49,1,3,3,7,Potential
4321.0,304,4,864.9300000000001,2,4,3,9,Potential
4322.0,49,5,1812.3600000000001,5,5,5,15,VIP Champions
4323.0,232,3,285.11,2,3,1,6,At Risk
4324.0,256,4,662.8599999999999,2,4,3,9,Potential
4325.0,63,1,127.92,4,1,1,6,At Risk
4326.0,55,2,443.11,5,2,2,9,Potential
4327.0,174,4,991.99,3,4,4,11,Loyal
4328.0,63,3,1585.63,4,3,5,12,Loyal
4330.0,109,6,1540.42,4,5,5,14,VIP Champions
4331.0,44,1,314.55,5,1,1,7,Potential
4333.0,130,2,415.28,3,2,2,7,Potential
4334.0,11,32,8446.5,5,5,5,15,VIP Champions
4335.0,177,2,234.63,3,2,1,6,At Risk
4336.0,284,1,444.2,2,1,2,5,At Risk
4337.0,233,2,196.13,2,2,1,5,At Risk
4338.0,126,3,769.74,3,3,3,9,Potential
4339.0,38,1,178.58,5,1,1,7,Potential
4340.0,643,2,1451.8799999999999,1,2,5,8,Potential
4341.0,155,2,835.75,3,2,3,8,Potential
4342.0,69,5,1268.9,4,5,4,13,VIP Champions
4343.0,204,3,722.87,3,3,3,9,Potential
4345.0,77,3,1178.76,4,3,4,11,Loyal
4346.0,60,7,2369.11,5,5,5,15,VIP Champions
4347.0,72,2,694.6600000000001,4,2,3,9,Potential
4348.0,408,3,1238.23,1,3,4,8,Potential
4349.0,329,4,965.98,1,4,4,9,Potential
4350.0,205,2,448.54,3,2,2,7,Potential
4352.0,351,2,1336.55,1,2,4,7,Potential
4354.0,280,1,218.54,2,1,1,4,At Risk
4355.0,175,3,1596.9,3,3,5,11,Loyal
4357.0,245,5,947.2,2,5,3,10,Loyal
4358.0,1,3,492.55,5,3,2,10,Loyal
4360.0,116,2,840.36,4,2,3,9,Potential
4361.0,29,3,1855.5,5,3,5,13,VIP Champions
4362.0,495,1,141.05,1,1,1,3,Lost
4363.0,44,3,1745.1599999999999,5,3,5,13,VIP Champions
4364.0,227,5,708.18,2,5,3,10,Loyal
4365.0,31,7,2305.84,5,5,5,15,VIP Champions
4366.0,217,3,520.1600000000001,2,3,2,7,Potential
4367.0,593,2,685.86,1,2,3,6,At Risk
4368.0,86,6,2840.54,4,5,5,14,VIP Champions
4370.0,718,1,339.21,1,1,1,3,Lost
4372.0,235,4,1264.53,2,4,4,10,Loyal
4373.0,88,5,2264.34,4,5,5,14,VIP Champions
4376.0,60,4,1005.9499999999999,5,4,4,13,VIP Champions
4377.0,612,1,831.35,1,1,3,5,At Risk
4378.0,154,3,1166.58,3,3,4,10,Loyal
4379.0,492,1,218.54,1,1,1,3,Lost
4380.0,175,5,945.42,3,5,3,11,Loyal
4381.0,246,2,664.41,2,2,3,7,Potential
4383.0,64,4,548.4300000000001,4,4,2,10,Loyal
4384.0,182,6,638.36,3,5,3,11,Loyal
4385.0,120,3,827.12,4,3,3,10,Loyal
4387.0,413,1,84.54,1,1,1,3,Lost
4388.0,86,4,1866.42,4,4,5,13,VIP Champions
4389.0,11,1,157.49,5,1,1,7,Potential
4390.0,196,4,1147.79,3,4,4,11,Loyal
4391.0,63,1,713.14,4,1,3,8,Potential
4392.0,67,5,1779.1100000000001,4,5,5,14,VIP Champions
4394.0,140,5,1361.25,3,5,4,12,Loyal
4395.0,118,4,1226.6,4,4,4,12,Loyal
4396.0,82,5,3306.1,4,5,5,14,VIP Champions
4398.0,4,4,1536.61,5,4,5,14,VIP Champions
4399.0,10,2,406.26,5,2,2,9,Potential
4400.0,12,7,1806.37,5,5,5,15,VIP Champions
4401.0,444,3,359.53999999999996,1,3,2,6,At Risk
4402.0,141,2,437.28999999999996,3,2,2,7,Potential
4403.0,138,1,437.98,3,1,2,6,At Risk
4404.0,174,4,591.85,3,4,2,9,Potential
4405.0,678,2,1253.9299999999998,1,2,4,7,Potential
4407.0,80,2,744.4200000000001,4,2,3,9,Potential
4408.0,441,2,122.24,1,2,1,4,At Risk
4409.0,221,3,425.90999999999997,2,3,2,7,Potential
4410.0,73,7,1129.48,4,5,4,13,VIP Champions
4411.0,59,1,147.16,5,1,1,7,Potential
4412.0,39,5,2184.75,5,5,5,15,VIP Champions
4413.0,342,2,294.27,1,2,1,4,At Risk
4414.0,615,2,163.37,1,2,1,4,At Risk
4415.0,22,1,145.46,5,1,1,7,Potential
4417.0,225,3,646.84,2,3,3,8,Potential
4418.0,105,7,2532.13,4,5,5,14,VIP Champions
4419.0,497,6,1946.21,1,5,5,11,Loyal
4422.0,555,4,1016.75,1,4,4,9,Potential
4423.0,178,3,416.73999999999995,3,3,2,8,Potential
4424.0,347,2,252.25,1,2,1,4,At Risk
4426.0,62,4,1240.67,4,4,4,12,Loyal
4427.0,261,7,1620.64,2,5,5,12,Loyal
4428.0,589,2,996.81,1,2,4,7,Potential
4429.0,41,4,1008.27,5,4,4,13,VIP Champions
4430.0,40,1,327.28,5,1,1,7,Potential
4431.0,435,5,1647.94,1,5,5,11,Loyal
4432.0,90,5,802.4499999999999,4,5,3,12,Loyal
4433.0,651,1,55.04,1,1,1,3,Lost
4434.0,535,1,181.68,1,1,1,3,Lost
4436.0,133,2,635.62,3,2,3,8,Potential
4437.0,229,2,549.02,2,2,2,6,At Risk
4438.0,92,4,284.25,4,4,1,9,Potential
4439.0,153,5,1439.3500000000001,3,5,5,13,VIP Champions
4441.0,247,4,1385.1,2,4,4,10,Loyal
4442.0,168,2,313.98,3,2,1,6,At Risk
4443.0,92,5,873.86,4,5,3,12,Loyal
4444.0,777,1,501.69,1,1,2,4,At Risk
4446.0,61,4,1279.01,5,4,4,13,VIP Champions
4447.0,69,3,888.6600000000001,4,3,3,10,Loyal
4450.0,101,6,1534.49,4,5,5,14,VIP Champions
4451.0,13,8,2560.35,5,5,5,15,VIP Champions
4452.0,78,6,2343.75,4,5,5,14,VIP Champions
4453.0,185,1,138.78,3,1,1,5,At Risk
4454.0,84,9,2761.4900000000002,4,5,5,14,VIP Champions
4457.0,278,1,536.8,2,1,2,5,At Risk
4458.0,284,4,1808.5299999999997,2,4,5,11,Loyal
4459.0,57,3,553.72,5,3,2,10,Loyal
4460.0,301,3,235.13,2,3,1,6,At Risk
4461.0,95,5,2231.57,4,5,5,14,VIP Champions
4463.0,318,3,1058.61,2,3,4,9,Potential
4464.0,18,5,1378.72,5,5,4,14,VIP Champions
4465.0,255,1,442.12,2,1,2,5,At Risk
4466.0,11,5,2077.06,5,5,5,15,VIP Champions
4467.0,149,2,734.6700000000001,3,2,3,8,Potential
4468.0,183,6,991.69,3,5,4,12,Loyal
4469.0,200,3,394.81,3,3,2,8,Potential
4470.0,264,3,228.55,2,3,1,6,At Risk
4471.0,49,1,110.02,5,1,1,7,Potential
4473.0,61,4,564.1899999999999,5,4,2,11,Loyal
4474.0,54,1,590.73,5,1,2,8,Potential
4475.0,101,3,516.6,4,3,2,9,Potential
4476.0,333,3,862.5699999999999,1,3,3,7,Potential
4477.0,382,3,670.36,1,4,3,8,Potential
4478.0,128,3,2066.42,3,4,5,12,Loyal
4480.0,37,4,1469.23,5,4,5,14,VIP Champions
4481.0,196,3,1117.36,3,4,4,11,Loyal
4483.0,69,2,192.53,4,2,1,7,Potential
4484.0,59,6,2247.33,5,5,5,15,VIP Champions
4485.0,2,6,1906.42,5,5,5,15,VIP Champions
4488.0,100,3,955.0,4,4,3,11,Loyal
4489.0,71,4,1221.68,4,4,4,12,Loyal
4490.0,170,4,1468.35,3,4,5,12,Loyal
4491.0,165,6,1678.29,3,5,5,13,VIP Champions
4493.0,205,3,875.74,3,4,3,10,Loyal
4494.0,111,2,1329.4,4,2,4,10,Loyal
4497.0,215,5,1615.75,2,5,5,12,Loyal
4498.0,258,3,732.81,2,4,3,9,Potential
4499.0,173,4,1277.92,3,4,4,11,Loyal
4500.0,260,1,22.7,2,1,1,4,At Risk
4501.0,15,4,1345.91,5,4,4,13,VIP Champions
4502.0,95,1,274.5,4,1,1,6,At Risk
4503.0,308,2,900.6,2,2,3,7,Potential
4504.0,127,1,116.2,3,1,1,5,At Risk
4505.0,9,3,2148.65,5,4,5,14,VIP Champions
4507.0,207,3,346.07,2,4,1,7,Potential
4508.0,356,4,2041.63,1,4,5,10,Loyal
4509.0,26,7,2405.24,5,5,5,15,VIP Champions
4510.0,1,2,662.48,5,2,3,10,Loyal
4511.0,445,3,633.45,1,4,3,8,Potential
4512.0,286,3,755.46,2,4,3,9,Potential
4513.0,215,3,981.4300000000001,2,4,4,10,Loyal
4514.0,125,4,1679.2800000000002,3,4,5,12,Loyal
4515.0,129,3,420.61,3,4,2,9,Potential
4516.0,252,2,475.27,2,2,2,6,At Risk
4517.0,162,4,1183.26,3,4,4,11,Loyal
4518.0,512,1,411.78,1,1,2,4,At Risk
4519.0,70,4,2508.65,4,4,5,13,VIP Champions
4520.0,373,1,664.26,1,1,3,5,At Risk
4521.0,2,6,1234.0,5,5,4,14,VIP Champions
4522.0,189,3,934.78,3,4,3,10,Loyal
4523.0,454,2,171.13,1,2,1,4,At Risk
4525.0,209,5,1106.47,2,5,4,11,Loyal
4526.0,538,1,106.69,1,1,1,3,Lost
4527.0,108,1,138.13,4,1,1,6,At Risk
4528.0,318,5,2609.63,2,5,5,12,Loyal
4529.0,140,2,309.34000000000003,3,2,1,6,At Risk
4530.0,82,3,1455.3100000000002,4,4,5,13,VIP Champions
4531.0,662,1,41.63,1,1,1,3,Lost
4532.0,91,1,169.9,4,1,1,6,At Risk
4533.0,126,4,2647.0,3,4,5,12,Loyal
4534.0,82,7,1540.04,4,5,5,14,VIP Champions
4535.0,69,2,882.54,4,2,3,9,Potential
4536.0,240,4,1673.47,2,4,5,11,Loyal
4538.0,175,2,794.14,3,2,3,8,Potential
4539.0,260,4,1304.26,2,4,4,10,Loyal
4541.0,345,2,647.62,1,2,3,6,At Risk
4542.0,167,5,600.8000000000001,3,5,2,10,Loyal
4543.0,27,4,2250.12,5,4,5,14,VIP Champions
4544.0,714,3,749.32,1,4,3,8,Potential
4545.0,204,2,398.87,3,2,2,7,Potential
4546.0,154,2,707.12,3,2,3,8,Potential
4548.0,92,2,296.58,4,2,1,7,Potential
4549.0,345,6,1033.4,1,5,4,10,Loyal
4551.0,235,2,599.86,2,2,2,6,At Risk
4552.0,330,3,1446.73,1,4,5,10,Loyal
4555.0,334,1,201.14,1,1,1,3,Lost
4556.0,448,2,394.60999999999996,1,2,2,5,At Risk
4557.0,76,2,768.33,4,2,3,9,Potential
4558.0,10,4,1412.7600000000002,5,4,4,13,VIP Champions
4559.0,279,1,310.9,2,1,1,4,At Risk
4560.0,205,3,1404.42,3,4,4,11,Loyal
4561.0,58,3,1373.6399999999999,5,4,4,13,VIP Champions
4562.0,68,3,641.6,4,4,3,11,Loyal
4563.0,202,3,892.4100000000001,3,4,3,10,Loyal
4565.0,108,3,1301.82,4,4,4,12,Loyal
4566.0,283,4,606.08,2,4,2,8,Potential
4567.0,67,1,53.01,4,1,1,6,At Risk
4568.0,41,1,1374.35,5,1,4,10,Loyal
4569.0,307,5,928.55,2,5,3,10,Loyal
4570.0,232,4,878.5600000000001,2,4,3,9,Potential
4571.0,126,6,2185.55,3,5,5,13,VIP Champions
4572.0,88,2,365.47,4,2,2,8,Potential
4573.0,109,3,596.4100000000001,4,4,2,10,Loyal
4574.0,264,1,789.39,2,1,3,6,At Risk
4577.0,257,3,710.66,2,4,3,9,Potential
4578.0,110,3,956.39,4,4,3,11,Loyal
4579.0,66,2,133.47,4,2,1,7,Potential
4580.0,96,5,898.86,4,5,3,12,Loyal
4581.0,128,4,575.24,3,4,2,9,Potential
4582.0,27,4,1580.7199999999998,5,4,5,14,VIP Champions
4583.0,563,1,550.2,1,1,2,4,At Risk
4584.0,47,5,2834.7400000000002,5,5,5,15,VIP Champions
4585.0,61,6,3287.58,5,5,5,15,VIP Champions
4586.0,83,4,917.0799999999999,4,4,3,11,Loyal
4588.0,84,5,1487.3999999999999,4,5,5,14,VIP Champions
4589.0,9,7,2131.86,5,5,5,15,VIP Champions
4590.0,60,5,1568.46,5,5,5,15,VIP Champions
4591.0,348,2,471.84,1,2,2,5,At Risk
4592.0,183,4,1083.49,3,4,4,11,Loyal
4593.0,367,4,1058.1,1,4,4,9,Potential
4595.0,406,2,241.73,1,2,1,4,At Risk
4596.0,62,2,388.53,4,2,2,8,Potential
4597.0,70,7,2215.52,4,5,5,14,VIP Champions
4598.0,4,4,1716.38,5,4,5,14,VIP Champions
4599.0,18,6,1261.55,5,5,4,14,VIP Champions
4601.0,288,3,679.77,2,4,3,9,Potential
4602.0,171,5,1891.34,3,5,5,13,VIP Champions
4603.0,93,5,2153.0,4,5,5,14,VIP Champions
4604.0,6,6,1217.61,5,5,4,14,VIP Champions
4605.0,182,3,1126.08,3,4,4,11,Loyal
4606.0,15,1,624.82,5,1,2,8,Potential
4607.0,44,4,885.97,5,4,3,12,Loyal
4608.0,518,1,241.13,1,1,1,3,Lost
4610.0,557,3,501.31,1,4,2,7,Potential
4611.0,1,4,1658.96,5,4,5,14,VIP Champions
4612.0,210,6,1889.9,2,5,5,12,Loyal
4613.0,109,2,599.8199999999999,4,2,2,8,Potential
4614.0,242,2,394.03,2,2,2,6,At Risk
4615.0,28,6,943.9699999999999,5,5,3,13,VIP Champions
4616.0,549,2,1752.7199999999998,1,2,5,8,Potential
4618.0,522,1,347.16,1,1,2,4,At Risk
4619.0,44,1,106.82,5,1,1,7,Potential
4620.0,271,1,302.79,2,1,1,4,At Risk
4621.0,107,3,1455.8600000000001,4,4,5,13,VIP Champions
4622.0,50,1,139.74,5,1,1,7,Potential
4623.0,158,3,679.6,3,4,3,10,Loyal
4624.0,322,5,2422.9,2,5,5,12,Loyal
4625.0,14,3,777.38,5,4,3,12,Loyal
4626.0,181,4,731.08,3,4,3,10,Loyal
4627.0,4,4,2101.39,5,4,5,14,VIP Champions
4628.0,221,2,202.8,2,2,1,5,At Risk
4629.0,58,3,490.39,5,4,2,11,Loyal
4630.0,127,1,505.02,3,1,2,6,At Risk
4631.0,215,3,1872.52,2,4,5,11,Loyal
4632.0,245,1,164.43,2,1,1,4,At Risk
4633.0,601,2,506.5,1,2,2,5,At Risk
4634.0,71,5,1105.79,4,5,4,13,VIP Champions
4635.0,378,3,461.24,1,4,2,7,Potential
4636.0,39,3,892.39,5,4,3,12,Loyal
4637.0,70,4,1127.0900000000001,4,4,4,12,Loyal
4638.0,142,4,1450.05,3,4,5,12,Loyal
4639.0,214,3,498.46,2,4,2,8,Potential
4640.0,45,5,1792.58,5,5,5,15,VIP Champions
4642.0,87,4,1176.92,4,4,4,12,Loyal
4643.0,309,3,824.3499999999999,2,4,3,9,Potential
4644.0,60,7,1677.21,5,5,5,15,VIP Champions
4647.0,175,1,374.32,3,1,2,6,At Risk
4648.0,654,1,1458.6,1,1,5,7,Potential
4649.0,209,1,225.28,2,1,1,4,At Risk
4650.0,9,1,17.97,5,1,1,7,Potential
4652.0,189,1,166.27,3,1,1,5,At Risk
4653.0,98,3,342.48,4,4,1,9,Potential
4654.0,222,2,660.0799999999999,2,2,3,7,Potential
4655.0,77,1,327.28,4,1,1,6,At Risk
4656.0,75,5,1101.4,4,5,4,13,VIP Champions
4657.0,115,2,601.46,4,2,2,8,Potential
4659.0,67,3,702.22,4,4,3,11,Loyal
4660.0,439,3,299.72999999999996,1,4,1,6,At Risk
4661.0,223,1,574.44,2,1,2,5,At Risk
4662.0,488,4,1710.83,1,4,5,10,Loyal
4663.0,49,7,1939.43,5,5,5,15,VIP Champions
4664.0,98,3,1078.16,4,4,4,12,Loyal
4665.0,189,5,1106.21,3,5,4,12,Loyal
4666.0,560,2,193.75,1,2,1,4,At Risk
4667.0,178,1,361.77,3,1,2,6,At Risk
4669.0,333,1,260.72,1,1,1,3,Lost
4670.0,248,4,918.16,2,4,3,9,Potential
4671.0,188,3,512.77,3,4,2,9,Potential
4672.0,470,4,1575.58,1,4,5,10,Loyal
4673.0,62,5,881.04,4,5,3,12,Loyal
4674.0,63,4,572.1,4,4,2,10,Loyal
4675.0,22,3,284.28,5,4,1,10,Loyal
4676.0,290,2,325.13,2,2,1,5,At Risk
4677.0,324,5,446.27,2,5,2,9,Potential
4678.0,79,7,2850.45,4,5,5,14,VIP Champions
4681.0,421,4,2110.65,1,4,5,10,Loyal
4682.0,554,2,801.38,1,2,3,6,At Risk
4683.0,396,4,953.32,1,4,3,8,Potential
4684.0,42,4,582.55,5,4,2,11,Loyal
4685.0,261,5,1537.58,2,5,5,12,Loyal
4686.0,75,1,274.37,4,1,1,6,At Risk
4687.0,59,7,3116.4300000000003,5,5,5,15,VIP Champions
4688.0,221,2,1002.53,2,2,4,8,Potential
4689.0,322,2,462.79,2,2,2,6,At Risk
4690.0,198,1,126.42,3,1,1,5,At Risk
4691.0,171,7,1289.28,3,5,4,12,Loyal
4692.0,11,2,296.73,5,2,1,8,Potential
4693.0,230,2,182.84,2,2,1,5,At Risk
4694.0,427,2,882.58,1,2,3,6,At Risk
4695.0,4,1,245.55,5,1,1,7,Potential
4696.0,61,2,661.0,5,2,3,10,Loyal
4697.0,389,2,676.32,1,2,3,6,At Risk
4698.0,138,2,1254.67,3,2,4,9,Potential
4699.0,55,1,1094.95,5,1,4,10,Loyal
4701.0,116,7,2874.92,4,5,5,14,VIP Champions
4702.0,393,1,50.85,1,1,1,3,Lost
4703.0,270,5,782.38,2,5,3,10,Loyal
4704.0,339,1,65.6,1,1,1,3,Lost
4705.0,364,2,1072.94,1,2,4,7,Potential
4707.0,128,2,647.44,3,2,3,8,Potential
4708.0,237,4,542.88,2,4,2,8,Potential
4709.0,16,3,689.85,5,4,3,12,Loyal
4710.0,101,1,65.6,4,1,1,6,At Risk
4712.0,120,5,2788.1,4,5,5,14,VIP Champions
4713.0,59,2,712.84,5,2,3,10,Loyal
4714.0,39,2,102.51,5,2,1,8,Potential
4715.0,158,4,991.07,3,4,4,11,Loyal
4716.0,218,3,1414.9299999999998,2,4,4,10,Loyal
4717.0,29,5,2458.06,5,5,5,15,VIP Champions
4718.0,51,4,1312.27,5,4,4,13,VIP Champions
4719.0,318,1,55.04,2,1,1,4,At Risk
4720.0,290,3,1538.52,2,4,5,11,Loyal
4722.0,158,3,423.51,3,4,2,9,Potential
4723.0,374,1,159.25,1,1,1,3,Lost
4724.0,646,4,1407.79,1,4,4,9,Potential
4725.0,12,1,58.49,5,1,1,7,Potential
4726.0,131,1,183.31,3,1,1,5,At Risk
4727.0,305,3,626.71,2,4,2,8,Potential
4728.0,70,2,524.37,4,2,2,8,Potential
4729.0,66,5,1295.99,4,5,4,13,VIP Champions
4730.0,14,3,1175.08,5,4,4,13,VIP Champions
4731.0,409,1,377.82,1,1,2,4,At Risk
4732.0,247,3,464.66,2,4,2,8,Potential
4734.0,194,1,105.09,3,1,1,5,At Risk
4735.0,235,3,641.73,2,4,3,9,Potential
4736.0,54,2,706.7,5,2,3,10,Loyal
4737.0,308,1,493.94,2,1,2,5,At Risk
4738.0,541,2,993.9499999999999,1,2,4,7,Potential
4739.0,481,1,307.24,1,1,1,3,Lost
4740.0,341,2,640.67,1,2,3,6,At Risk
4741.0,19,2,446.71999999999997,5,2,2,9,Potential
4742.0,40,6,1206.67,5,5,4,14,VIP Champions
4743.0,146,2,626.5799999999999,3,2,2,7,Potential
4744.0,621,1,407.4,1,1,2,4,At Risk
4745.0,771,1,263.13,1,1,1,3,Lost
4746.0,34,5,1002.46,5,5,4,14,VIP Champions
4747.0,219,8,1944.37,2,5,5,12,Loyal
4748.0,65,4,1090.8200000000002,4,4,4,12,Loyal
4749.0,268,3,969.66,2,4,4,10,Loyal
4750.0,507,1,285.14,1,1,1,3,Lost
4752.0,321,3,523.21,2,4,2,8,Potential
4754.0,683,2,79.75999999999999,1,2,1,4,At Risk
4755.0,134,6,1520.03,3,5,5,13,VIP Champions
4756.0,356,3,1370.78,1,4,4,9,Potential
4757.0,293,3,842.39,2,4,3,9,Potential
4759.0,202,2,677.11,3,2,3,8,Potential
4760.0,299,4,1756.15,2,4,5,11,Loyal
4761.0,159,2,162.67000000000002,3,2,1,6,At Risk
4762.0,380,6,1612.76,1,5,5,11,Loyal
4763.0,10,6,1957.31,5,5,5,15,VIP Champions
4765.0,201,5,937.25,3,5,3,11,Loyal
4767.0,48,4,2578.12,5,4,5,14,VIP Champions
4768.0,224,5,1386.42,2,5,4,11,Loyal
4769.0,286,2,791.02,2,2,3,7,Potential
4771.0,271,1,301.2,2,1,1,4,At Risk
4772.0,164,3,583.78,3,4,2,9,Potential
4773.0,723,1,47.36,1,1,1,3,Lost
4774.0,49,3,1296.53,5,4,4,13,VIP Champions
4775.0,62,1,95.87,4,1,1,6,At Risk
4776.0,30,2,932.4599999999999,5,2,3,10,Loyal
4779.0,76,5,2784.51,4,5,5,14,VIP Champions
4780.0,152,4,678.83,3,4,3,10,Loyal
4781.0,267,3,1315.65,2,4,4,10,Loyal
4782.0,26,5,1426.33,5,5,5,15,VIP Champions
4783.0,97,4,2935.81,4,4,5,13,VIP Champions
4784.0,375,1,304.26,1,1,1,3,Lost
4785.0,34,3,1002.9100000000001,5,4,4,13,VIP Champions
4786.0,222,3,603.74,2,4,2,8,Potential
4787.0,417,2,135.51,1,2,1,4,At Risk
4788.0,137,1,529.95,3,1,2,6,At Risk
4789.0,653,1,42.64,1,1,1,3,Lost
4790.0,359,2,395.56,1,2,2,5,At Risk
4791.0,286,3,1955.72,2,4,5,11,Loyal
4792.0,194,3,789.36,3,4,3,10,Loyal
4793.0,121,3,229.41000000000003,4,4,1,9,Potential
4794.0,74,4,1341.8400000000001,4,4,4,12,Loyal
4797.0,71,2,522.52,4,2,2,8,Potential
4799.0,130,2,840.3199999999999,3,2,3,8,Potential
4800.0,511,4,661.82,1,4,3,8,Potential
4801.0,501,2,254.71999999999997,1,2,1,4,At Risk
4803.0,258,5,1387.3999999999999,2,5,4,11,Loyal
4804.0,7,3,843.1999999999999,5,4,3,12,Loyal
4807.0,86,2,263.34,4,2,1,7,Potential
4808.0,100,4,755.5699999999999,4,4,3,11,Loyal
4809.0,186,2,1075.0,3,2,4,9,Potential
4810.0,100,4,1858.98,4,4,5,13,VIP Champions
4811.0,134,2,325.9,3,2,1,6,At Risk
4812.0,276,4,1167.75,2,4,4,10,Loyal
4815.0,121,4,1104.5,4,4,4,12,Loyal
4816.0,258,3,1110.8,2,4,4,10,Loyal
4817.0,69,3,1429.1000000000001,4,4,5,13,VIP Champions
4818.0,63,3,446.72,4,4,2,10,Loyal
4819.0,53,1,149.62,5,1,1,7,Potential
4820.0,225,2,334.3,2,2,1,5,At Risk
4821.0,168,3,1005.1,3,4,4,11,Loyal
4822.0,252,3,914.31,2,4,3,9,Potential
4824.0,604,2,302.76,1,2,1,4,At Risk
4825.0,80,3,931.48,4,4,3,11,Loyal
4826.0,105,4,660.0,4,4,3,11,Loyal
4827.0,107,2,386.51000000000005,4,2,2,8,Potential
4828.0,156,3,153.54000000000002,3,4,1,8,Potential
4829.0,104,3,664.11,4,4,3,11,Loyal
4830.0,48,7,2294.85,5,5,5,15,VIP Champions
4831.0,82,2,405.96,4,2,2,8,Potential
4832.0,130,1,368.14,3,1,2,6,At Risk
4833.0,448,3,647.03,1,4,3,8,Potential
4834.0,428,3,614.6400000000001,1,4,2,7,Potential
4836.0,80,3,949.26,4,4,3,11,Loyal
4837.0,238,4,501.03999999999996,2,4,2,8,Potential
4838.0,78,2,2033.3400000000001,4,2,5,11,Loyal
4839.0,18,4,888.18,5,4,3,12,Loyal
4840.0,418,2,407.64,1,2,2,5,At Risk
4841.0,148,2,315.49,3,2,1,6,At Risk
4843.0,207,3,1166.26,2,4,4,10,Loyal
4844.0,50,2,913.14,5,2,3,10,Loyal
4845.0,23,2,174.38,5,2,1,8,Potential
4846.0,223,5,1178.89,2,5,4,11,Loyal
4847.0,265,5,1374.8400000000001,2,5,4,11,Loyal
4848.0,353,3,1615.8799999999999,1,4,5,10,Loyal
4849.0,139,5,1329.3600000000001,3,5,4,12,Loyal
4850.0,230,7,1842.45,2,5,5,12,Loyal
4851.0,360,7,2747.85,1,5,5,11,Loyal
4853.0,45,4,1319.8400000000001,5,4,4,13,VIP Champions
4854.0,92,2,822.76,4,3,3,10,Loyal
4855.0,40,6,1875.41,5,5,5,15,VIP Champions
4856.0,54,1,374.32,5,1,2,8,Potential
4857.0,26,3,969.03,5,4,4,13,VIP Champions
4858.0,21,3,407.13,5,4,2,11,Loyal
4859.0,15,5,1097.19,5,5,4,14,VIP Champions
4860.0,298,3,1317.55,2,4,4,10,Loyal
4861.0,236,3,394.86,2,4,2,8,Potential
4862.0,279,6,3186.6400000000003,2,5,5,12,Loyal
4863.0,635,2,1009.0200000000001,1,3,4,8,Potential
4864.0,63,3,721.17,4,4,3,11,Loyal
4865.0,108,2,420.34000000000003,4,3,2,9,Potential
4867.0,60,6,2021.61,5,5,5,15,VIP Champions
4868.0,69,5,1420.91,4,5,4,13,VIP Champions
4869.0,128,2,309.48,3,3,1,7,Potential
4870.0,131,6,1330.83,3,5,4,12,Loyal
4871.0,234,1,243.96,2,1,1,4,At Risk
4872.0,266,2,1502.9499999999998,2,3,5,10,Loyal
4873.0,86,4,1106.45,4,4,4,12,Loyal
4876.0,120,2,427.71000000000004,4,3,2,9,Potential
4877.0,17,1,282.1,5,1,1,7,Potential
4878.0,104,1,29.48,4,1,1,6,At Risk
4879.0,74,1,121.98,4,1,1,6,At Risk
4880.0,151,2,389.56,3,3,2,8,Potential
4881.0,16,5,1794.1,5,5,5,15,VIP Champions
4882.0,77,2,304.59000000000003,4,3,1,8,Potential
4883.0,196,4,1160.1999999999998,3,4,4,11,Loyal
4886.0,86,6,2688.3,4,5,5,14,VIP Champions
4887.0,220,4,710.54,2,4,3,9,Potential
4889.0,615,1,109.9,1,1,1,3,Lost
4890.0,676,2,349.34,1,3,2,6,At Risk
4891.0,211,1,307.83,2,1,1,4,At Risk
4892.0,534,2,498.87,1,3,2,6,At Risk
4893.0,663,3,743.75,1,4,3,8,Potential
4894.0,260,4,662.6,2,4,3,9,Potential
4895.0,120,2,561.69,4,3,2,9,Potential
4896.0,29,5,1431.06,5,5,5,15,VIP Champions
4898.0,557,1,53.58,1,1,1,3,Lost
4899.0,622,2,996.4,1,3,4,8,Potential
4900.0,223,2,880.94,2,3,3,8,Potential
4901.0,74,2,926.2,4,3,3,10,Loyal
4903.0,110,5,1659.27,4,5,5,14,VIP Champions
4905.0,141,4,1702.97,3,4,5,12,Loyal
4906.0,150,3,977.5300000000001,3,4,4,11,Loyal
4907.0,186,5,1163.17,3,5,4,12,Loyal
4908.0,127,3,730.82,3,4,3,10,Loyal
4909.0,204,4,833.6,3,4,3,10,Loyal
4910.0,535,1,84.95,1,1,1,3,Lost
4911.0,532,1,348.6,1,1,2,4,At Risk
4912.0,97,2,347.96,4,3,2,9,Potential
4913.0,413,1,166.27,1,1,1,3,Lost
4914.0,408,4,1030.0800000000002,1,4,4,9,Potential
4915.0,218,3,1140.94,2,4,4,10,Loyal
4917.0,182,2,273.09,3,3,1,7,Potential
4918.0,22,4,1425.54,5,4,5,14,VIP Champions
4919.0,468,2,288.27,1,3,1,5,At Risk
4920.0,220,2,436.15000000000003,2,3,2,7,Potential
4923.0,52,2,1091.64,5,3,4,12,Loyal
4924.0,76,2,563.8000000000001,4,3,2,9,Potential
4927.0,499,3,449.93,1,4,2,7,Potential
4928.0,69,4,1600.21,4,4,5,13,VIP Champions
4929.0,6,5,1124.67,5,5,4,14,VIP Champions
4930.0,521,2,178.75,1,3,1,5,At Risk
4931.0,49,5,1188.26,5,5,4,14,VIP Champions
4932.0,284,4,743.11,2,4,3,9,Potential
4933.0,531,1,130.73,1,1,1,3,Lost
4934.0,7,6,1844.1,5,5,5,15,VIP Champions
4935.0,58,3,505.89,5,4,2,11,Loyal
4936.0,22,3,518.44,5,4,2,11,Loyal
4937.0,536,3,581.88,1,4,2,7,Potential
4938.0,80,4,1063.1200000000001,4,4,4,12,Loyal
4939.0,135,1,605.72,3,1,2,6,At Risk
4940.0,391,3,556.6700000000001,1,4,2,7,Potential
4942.0,216,1,205.0,2,1,1,4,At Risk
4943.0,294,1,152.85,2,1,1,4,At Risk
4944.0,54,1,443.76,5,1,2,8,Potential
4947.0,257,3,1107.31,2,4,4,10,Loyal
4948.0,685,2,344.72,1,3,1,5,At Risk
4949.0,4,65,19580.28,5,5,5,15,VIP Champions
4950.0,26,4,552.89,5,4,2,11,Loyal
4951.0,16,5,1037.91,5,5,4,14,VIP Champions
4952.0,167,5,1742.4,3,5,5,13,VIP Champions
4953.0,96,3,862.86,4,4,3,11,Loyal
4954.0,351,1,63.95,1,1,1,3,Lost
4955.0,290,3,977.5699999999999,2,4,4,10,Loyal
4956.0,274,2,376.41,2,3,2,7,Potential
4957.0,152,1,48.58,3,1,1,5,At Risk
4958.0,191,3,999.7099999999999,3,4,4,11,Loyal
4959.0,152,2,482.93,3,3,2,8,Potential
4960.0,382,2,976.54,1,3,4,8,Potential
4961.0,187,2,410.1,3,3,2,8,Potential
4962.0,117,5,1526.2799999999997,4,5,5,14,VIP Champions
4963.0,6,5,1365.1,5,5,4,14,VIP Champions
4964.0,304,6,652.41,2,5,3,10,Loyal
4965.0,589,3,459.6,1,4,2,7,Potential
4966.0,18,4,748.6600000000001,5,4,3,12,Loyal
4967.0,240,3,1095.17,2,4,4,10,Loyal
4968.0,104,2,380.61,4,3,2,9,Potential
4969.0,276,3,681.97,2,4,3,9,Potential
4970.0,26,3,896.1500000000001,5,4,3,12,Loyal
4971.0,224,2,898.3499999999999,2,3,3,8,Potential
4973.0,88,4,1253.86,4,4,4,12,Loyal
4974.0,34,2,369.03000000000003,5,3,2,10,Loyal
4975.0,6,2,459.89,5,3,2,10,Loyal
4976.0,165,5,965.96,3,5,4,12,Loyal
4978.0,166,1,418.1,3,1,2,6,At Risk
4980.0,90,1,585.22,4,1,2,7,Potential
4981.0,66,3,882.62,4,4,3,11,Loyal
4982.0,494,4,757.8399999999999,1,4,3,8,Potential
4983.0,190,3,1082.65,3,4,4,11,Loyal
4984.0,208,5,983.13,2,5,4,11,Loyal
4985.0,625,3,496.2,1,4,2,7,Potential
4986.0,64,2,1350.01,4,3,4,11,Loyal
4987.0,617,2,757.19,1,3,3,7,Potential
4988.0,282,2,163.33999999999997,2,3,1,6,At Risk
4989.0,298,2,561.77,2,3,2,7,Potential
4990.0,250,2,540.66,2,3,2,7,Potential
4991.0,84,2,311.3,4,3,1,8,Potential
4992.0,19,1,773.55,5,1,3,9,Potential
4993.0,351,2,291.91,1,3,1,5,At Risk
4995.0,4,4,1527.95,5,4,5,14,VIP Champions
4996.0,130,1,693.4,3,1,3,7,Potential
4997.0,218,5,1579.5900000000001,2,5,5,12,Loyal
4998.0,10,2,464.01,5,3,2,10,Loyal
4999.0,526,2,593.99,1,3,2,6,At Risk
5000.0,61,1,41.63,5,1,1,7,Potential
